id,patient_id,doctor_id,appointment_date,appointment_time,status,notes,created_at
1,1,1,2026-10-09,09:00:00,pending,"Scheduled by administrator for patient assignment.","2026-10-08 10:45:05"
2,2,2,2026-10-09,09:30:00,pending,"Scheduled by administrator for patient assignment.","2026-10-08 10:45:05"
3,3,3,2026-10-09,10:00:00,pending,"Scheduled by administrator for patient assignment.","2026-10-08 10:45:05"
4,4,4,2026-10-09,10:30:00,pending,"Scheduled by administrator for patient assignment.","2026-10-08 10:45:05"
5,5,5,2026-10-09,11:00:00,pending,"Scheduled by administrator for patient assignment.","2026-10-08 10:45:05"
6,6,6,2026-10-09,11:30:00,pending,"Scheduled by administrator for patient assignment.","2026-10-08 10:45:05"
7,7,7,2026-10-09,12:00:00,pending,"Scheduled by administrator for patient assignment.","2026-10-08 10:45:05"
8,8,8,2026-10-09,12:30:00,pending,"Scheduled by administrator for patient assignment.","2026-10-08 10:45:05"
9,9,9,2026-10-09,13:00:00,pending,"Scheduled by administrator for patient assignment.","2026-10-08 10:45:05"
10,10,10,2026-10-09,13:30:00,pending,"Scheduled by administrator for patient assignment.","2026-10-08 10:45:05"
11,11,11,2026-10-09,14:00:00,pending,"Scheduled by administrator for patient assignment.","2026-10-08 10:45:05"
12,12,12,2026-10-09,14:30:00,pending,"Scheduled by administrator for patient assignment.","2026-10-08 10:45:05"
13,13,13,2026-10-09,15:00:00,pending,"Scheduled by administrator for patient assignment.","2026-10-08 10:45:05"
14,14,14,2026-10-09,15:30:00,pending,"Scheduled by administrator for patient assignment.","2026-10-08 10:45:05"
15,15,15,2026-10-09,16:00:00,pending,"Scheduled by administrator for patient assignment.","2026-10-08 10:45:05"
16,16,16,2026-10-09,16:30:00,pending,"Scheduled by administrator for patient assignment.","2026-10-08 10:45:05"
17,17,17,2026-10-09,17:00:00,pending,"Scheduled by administrator for patient assignment.","2026-10-08 10:45:05"
18,18,18,2026-10-09,17:30:00,pending,"Scheduled by administrator for patient assignment.","2026-10-08 10:45:05"
19,19,19,2026-10-09,18:00:00,pending,"Scheduled by administrator for patient assignment.","2026-10-08 10:45:06"
20,20,20,2026-10-09,18:30:00,pending,"Scheduled by administrator for patient assignment.","2026-10-08 10:45:06"
21,21,21,2026-10-09,19:00:00,pending,"Scheduled by administrator for patient assignment.","2026-10-08 10:45:06"
22,22,22,2026-10-09,19:30:00,pending,"Scheduled by administrator for patient assignment.","2026-10-08 10:45:06"
23,23,23,2026-10-09,20:00:00,pending,"Scheduled by administrator for patient assignment.","2026-10-08 10:45:06"
24,24,24,2026-10-09,20:30:00,pending,"Scheduled by administrator for patient assignment.","2026-10-08 10:45:06"
25,25,25,2026-10-09,21:00:00,pending,"Scheduled by administrator for patient assignment.","2026-10-08 10:45:06"
26,26,26,2026-10-09,21:30:00,pending,"Scheduled by administrator for patient assignment.","2026-10-08 10:45:06"
27,27,27,2026-10-09,22:00:00,pending,"Scheduled by administrator for patient assignment.","2026-10-08 10:45:06"
28,28,28,2026-10-09,22:30:00,pending,"Scheduled by administrator for patient assignment.","2026-10-08 10:45:06"
29,29,29,2026-10-09,23:00:00,pending,"Scheduled by administrator for patient assignment.","2026-10-08 10:45:06"
30,30,30,2026-10-09,23:30:00,pending,"Scheduled by administrator for patient assignment.","2026-10-08 10:45:06"
31,31,31,2026-10-10,00:00:00,pending,"Scheduled by administrator for patient assignment.","2026-10-08 10:45:06"
32,32,32,2026-10-10,00:30:00,pending,"Scheduled by administrator for patient assignment.","2026-10-08 10:45:06"
33,33,33,2026-10-10,01:00:00,pending,"Scheduled by administrator for patient assignment.","2026-10-08 10:45:06"
34,34,34,2026-10-10,01:30:00,pending,"Scheduled by administrator for patient assignment.","2026-10-08 10:45:06"
35,35,35,2026-10-10,02:00:00,pending,"Scheduled by administrator for patient assignment.","2026-10-08 10:45:06"
36,36,36,2026-10-10,02:30:00,pending,"Scheduled by administrator for patient assignment.","2026-10-08 10:45:06"
37,37,37,2026-10-10,03:00:00,pending,"Scheduled by administrator for patient assignment.","2026-10-08 10:45:06"
38,38,38,2026-10-10,03:30:00,pending,"Scheduled by administrator for patient assignment.","2026-10-08 10:45:06"
39,39,39,2026-10-10,04:00:00,pending,"Scheduled by administrator for patient assignment.","2026-10-08 10:45:06"
40,40,40,2026-10-10,04:30:00,pending,"Scheduled by administrator for patient assignment.","2026-10-08 10:45:06"
41,41,41,2026-10-10,05:00:00,pending,"Scheduled by administrator for patient assignment.","2026-10-08 10:45:06"
42,42,42,2026-10-10,05:30:00,pending,"Scheduled by administrator for patient assignment.","2026-10-08 10:45:06"
43,43,43,2026-10-10,06:00:00,pending,"Scheduled by administrator for patient assignment.","2026-10-08 10:45:06"
44,44,44,2026-10-10,06:30:00,pending,"Scheduled by administrator for patient assignment.","2026-10-08 10:45:06"
45,45,45,2026-10-10,07:00:00,pending,"Scheduled by administrator for patient assignment.","2026-10-08 10:45:06"
46,46,46,2026-10-10,07:30:00,pending,"Scheduled by administrator for patient assignment.","2026-10-08 10:45:06"
47,47,47,2026-10-10,08:00:00,pending,"Scheduled by administrator for patient assignment.","2026-10-08 10:45:06"
48,48,48,2026-10-10,08:30:00,pending,"Scheduled by administrator for patient assignment.","2026-10-08 10:45:06"
49,49,49,2026-10-10,09:00:00,pending,"Scheduled by administrator for patient assignment.","2026-10-08 10:45:06"
50,50,50,2026-10-10,09:30:00,pending,"Scheduled by administrator for patient assignment.","2026-10-08 10:45:06"
51,51,51,2026-10-10,10:00:00,pending,"Scheduled by administrator for patient assignment.","2026-10-08 10:45:06"
52,52,52,2026-10-10,10:30:00,pending,"Scheduled by administrator for patient assignment.","2026-10-08 10:45:06"
53,53,53,2026-10-10,11:00:00,pending,"Scheduled by administrator for patient assignment.","2026-10-08 10:45:06"
54,54,54,2026-10-10,11:30:00,pending,"Scheduled by administrator for patient assignment.","2026-10-08 10:45:06"
55,55,55,2026-10-10,12:00:00,pending,"Scheduled by administrator for patient assignment.","2026-10-08 10:45:06"
56,56,56,2026-10-10,12:30:00,pending,"Scheduled by administrator for patient assignment.","2026-10-08 10:45:06"
57,57,57,2026-10-10,13:00:00,pending,"Scheduled by administrator for patient assignment.","2026-10-08 10:45:06"
58,58,58,2026-10-10,13:30:00,pending,"Scheduled by administrator for patient assignment.","2026-10-08 10:45:06"
59,59,59,2026-10-10,14:00:00,pending,"Scheduled by administrator for patient assignment.","2026-10-08 10:45:06"
60,60,60,2026-10-10,14:30:00,pending,"Scheduled by administrator for patient assignment.","2026-10-08 10:45:06"
61,61,61,2026-10-10,15:00:00,pending,"Scheduled by administrator for patient assignment.","2026-10-08 10:45:06"
62,62,62,2026-10-10,15:30:00,pending,"Scheduled by administrator for patient assignment.","2026-10-08 10:45:06"
63,63,63,2026-10-10,16:00:00,pending,"Scheduled by administrator for patient assignment.","2026-10-08 10:45:06"
64,64,64,2026-10-10,16:30:00,pending,"Scheduled by administrator for patient assignment.","2026-10-08 10:45:06"
65,65,65,2026-10-10,17:00:00,pending,"Scheduled by administrator for patient assignment.","2026-10-08 10:45:06"
66,66,66,2026-10-10,17:30:00,pending,"Scheduled by administrator for patient assignment.","2026-10-08 10:45:06"
67,67,67,2026-10-10,18:00:00,pending,"Scheduled by administrator for patient assignment.","2026-10-08 10:45:06"
68,68,68,2026-10-10,18:30:00,pending,"Scheduled by administrator for patient assignment.","2026-10-08 10:45:06"
69,69,69,2026-10-10,19:00:00,pending,"Scheduled by administrator for patient assignment.","2026-10-08 10:45:06"
70,70,70,2026-10-10,19:30:00,pending,"Scheduled by administrator for patient assignment.","2026-10-08 10:45:06"
71,71,71,2026-10-10,20:00:00,pending,"Scheduled by administrator for patient assignment.","2026-10-08 10:45:06"
72,72,72,2026-10-10,20:30:00,pending,"Scheduled by administrator for patient assignment.","2026-10-08 10:45:06"
73,73,73,2026-10-10,21:00:00,pending,"Scheduled by administrator for patient assignment.","2026-10-08 10:45:06"
74,74,74,2026-10-10,21:30:00,pending,"Scheduled by administrator for patient assignment.","2026-10-08 10:45:06"
75,75,75,2026-10-10,22:00:00,pending,"Scheduled by administrator for patient assignment.","2026-10-08 10:45:06"
76,76,76,2026-10-10,22:30:00,pending,"Scheduled by administrator for patient assignment.","2026-10-08 10:45:06"
77,77,77,2026-10-10,23:00:00,pending,"Scheduled by administrator for patient assignment.","2026-10-08 10:45:06"
78,78,78,2026-10-10,23:30:00,pending,"Scheduled by administrator for patient assignment.","2026-10-08 10:45:06"
79,79,79,2026-10-11,00:00:00,pending,"Scheduled by administrator for patient assignment.","2026-10-08 10:45:06"
80,80,80,2026-10-11,00:30:00,pending,"Scheduled by administrator for patient assignment.","2026-10-08 10:45:06"
81,81,81,2026-10-11,01:00:00,pending,"Scheduled by administrator for patient assignment.","2026-10-08 10:45:06"
82,82,82,2026-10-11,01:30:00,pending,"Scheduled by administrator for patient assignment.","2026-10-08 10:45:06"
83,83,83,2026-10-11,02:00:00,pending,"Scheduled by administrator for patient assignment.","2026-10-08 10:45:06"
84,84,84,2026-10-11,02:30:00,pending,"Scheduled by administrator for patient assignment.","2026-10-08 10:45:06"
85,85,85,2026-10-11,03:00:00,pending,"Scheduled by administrator for patient assignment.","2026-10-08 10:45:06"
86,86,86,2026-10-11,03:30:00,pending,"Scheduled by administrator for patient assignment.","2026-10-08 10:45:06"
87,87,87,2026-10-11,04:00:00,pending,"Scheduled by administrator for patient assignment.","2026-10-08 10:45:06"
88,88,88,2026-10-11,04:30:00,pending,"Scheduled by administrator for patient assignment.","2026-10-08 10:45:06"
89,89,89,2026-10-11,05:00:00,pending,"Scheduled by administrator for patient assignment.","2026-10-08 10:45:06"
90,90,90,2026-10-11,05:30:00,pending,"Scheduled by administrator for patient assignment.","2026-10-08 10:45:06"
91,91,91,2026-10-11,06:00:00,pending,"Scheduled by administrator for patient assignment.","2026-10-08 10:45:06"
92,92,92,2026-10-11,06:30:00,pending,"Scheduled by administrator for patient assignment.","2026-10-08 10:45:06"
93,93,93,2026-10-11,07:00:00,pending,"Scheduled by administrator for patient assignment.","2026-10-08 10:45:06"
94,94,94,2026-10-11,07:30:00,pending,"Scheduled by administrator for patient assignment.","2026-10-08 10:45:06"
95,95,95,2026-10-11,08:00:00,pending,"Scheduled by administrator for patient assignment.","2026-10-08 10:45:06"
96,96,96,2026-10-11,08:30:00,pending,"Scheduled by administrator for patient assignment.","2026-10-08 10:45:06"
97,97,97,2026-10-11,09:00:00,pending,"Scheduled by administrator for patient assignment.","2026-10-08 10:45:06"
98,98,98,2026-10-11,09:30:00,pending,"Scheduled by administrator for patient assignment.","2026-10-08 10:45:06"
99,99,99,2026-10-11,10:00:00,pending,"Scheduled by administrator for patient assignment.","2026-10-08 10:45:06"
100,100,100,2026-10-11,10:30:00,pending,"Scheduled by administrator for patient assignment.","2026-10-08 10:45:06"
101,101,101,2026-10-11,11:00:00,pending,"Scheduled by administrator for patient assignment.","2026-10-08 10:45:06"
102,102,102,2026-10-11,11:30:00,pending,"Scheduled by administrator for patient assignment.","2026-10-08 10:45:06"
103,103,1,2026-10-11,12:00:00,pending,"Scheduled by administrator for patient assignment.","2026-10-08 10:45:06"
104,129,2,2026-10-11,12:30:00,pending,"Scheduled by administrator for patient assignment.","2026-10-08 10:45:06"
105,130,3,2026-10-11,13:00:00,pending,"Scheduled by administrator for patient assignment.","2026-10-08 10:45:06"
106,131,4,2026-10-11,13:30:00,pending,"Scheduled by administrator for patient assignment.","2026-10-08 10:45:06"
107,132,5,2026-10-11,14:00:00,pending,"Scheduled by administrator for patient assignment.","2026-10-08 10:45:06"
108,133,6,2026-10-11,14:30:00,pending,"Scheduled by administrator for patient assignment.","2026-10-08 10:45:06"
109,134,7,2026-10-11,15:00:00,pending,"Scheduled by administrator for patient assignment.","2026-10-08 10:45:06"
110,135,8,2026-10-11,15:30:00,pending,"Scheduled by administrator for patient assignment.","2026-10-08 10:45:06"
111,136,9,2026-10-11,16:00:00,pending,"Scheduled by administrator for patient assignment.","2026-10-08 10:45:06"
112,137,10,2026-10-11,16:30:00,pending,"Scheduled by administrator for patient assignment.","2026-10-08 10:45:06"
113,138,11,2026-10-11,17:00:00,pending,"Scheduled by administrator for patient assignment.","2026-10-08 10:45:06"
114,139,12,2026-10-11,17:30:00,pending,"Scheduled by administrator for patient assignment.","2026-10-08 10:45:06"
115,140,13,2026-10-11,18:00:00,pending,"Scheduled by administrator for patient assignment.","2026-10-08 10:45:06"
116,141,14,2026-10-11,18:30:00,pending,"Scheduled by administrator for patient assignment.","2026-10-08 10:45:06"
117,142,15,2026-10-11,19:00:00,pending,"Scheduled by administrator for patient assignment.","2026-10-08 10:45:06"
118,143,16,2026-10-11,19:30:00,pending,"Scheduled by administrator for patient assignment.","2026-10-08 10:45:06"
119,144,17,2026-10-11,20:00:00,pending,"Scheduled by administrator for patient assignment.","2026-10-08 10:45:06"
120,145,18,2026-10-11,20:30:00,pending,"Scheduled by administrator for patient assignment.","2026-10-08 10:45:06"
121,146,19,2026-10-11,21:00:00,pending,"Scheduled by administrator for patient assignment.","2026-10-08 10:45:06"
122,147,20,2026-10-11,21:30:00,pending,"Scheduled by administrator for patient assignment.","2026-10-08 10:45:06"
123,148,21,2026-10-11,22:00:00,pending,"Scheduled by administrator for patient assignment.","2026-10-08 10:45:06"
124,149,22,2026-10-11,22:30:00,pending,"Scheduled by administrator for patient assignment.","2026-10-08 10:45:06"
125,150,23,2026-10-11,23:00:00,pending,"Scheduled by administrator for patient assignment.","2026-10-08 10:45:06"
126,151,24,2026-10-11,23:30:00,pending,"Scheduled by administrator for patient assignment.","2026-10-08 10:45:06"
127,152,25,2026-10-12,00:00:00,pending,"Scheduled by administrator for patient assignment.","2026-10-08 10:45:06"
128,153,26,2026-10-12,00:30:00,pending,"Scheduled by administrator for patient assignment.","2026-10-08 10:45:06"
129,154,27,2026-10-12,01:00:00,pending,"Scheduled by administrator for patient assignment.","2026-10-08 10:45:06"
130,155,28,2026-10-12,01:30:00,pending,"Scheduled by administrator for patient assignment.","2026-10-08 10:45:06"
131,156,29,2026-10-12,02:00:00,pending,"Scheduled by administrator for patient assignment.","2026-10-08 10:45:06"
132,157,30,2026-10-12,02:30:00,pending,"Scheduled by administrator for patient assignment.","2026-10-08 10:45:06"
133,158,31,2026-10-12,03:00:00,pending,"Scheduled by administrator for patient assignment.","2026-10-08 10:45:06"
134,159,32,2026-10-12,03:30:00,pending,"Scheduled by administrator for patient assignment.","2026-10-08 10:45:06"
135,160,33,2026-10-12,04:00:00,pending,"Scheduled by administrator for patient assignment.","2026-10-08 10:45:06"
136,161,34,2026-10-12,04:30:00,pending,"Scheduled by administrator for patient assignment.","2026-10-08 10:45:06"
137,162,35,2026-10-12,05:00:00,pending,"Scheduled by administrator for patient assignment.","2026-10-08 10:45:06"
138,163,36,2026-10-12,05:30:00,pending,"Scheduled by administrator for patient assignment.","2026-10-08 10:45:06"
139,164,37,2026-10-12,06:00:00,pending,"Scheduled by administrator for patient assignment.","2026-10-08 10:45:06"
140,165,38,2026-10-12,06:30:00,pending,"Scheduled by administrator for patient assignment.","2026-10-08 10:45:06"
141,166,39,2026-10-12,07:00:00,pending,"Scheduled by administrator for patient assignment.","2026-10-08 10:45:06"
142,167,40,2026-10-12,07:30:00,pending,"Scheduled by administrator for patient assignment.","2026-10-08 10:45:06"
143,168,41,2026-10-12,08:00:00,pending,"Scheduled by administrator for patient assignment.","2026-10-08 10:45:06"
144,169,42,2026-10-12,08:30:00,pending,"Scheduled by administrator for patient assignment.","2026-10-08 10:45:06"
145,170,43,2026-10-12,09:00:00,pending,"Scheduled by administrator for patient assignment.","2026-10-08 10:45:06"
146,171,44,2026-10-12,09:30:00,pending,"Scheduled by administrator for patient assignment.","2026-10-08 10:45:06"
147,172,45,2026-10-12,10:00:00,pending,"Scheduled by administrator for patient assignment.","2026-10-08 10:45:06"
148,173,46,2026-10-12,10:30:00,pending,"Scheduled by administrator for patient assignment.","2026-10-08 10:45:06"
149,174,47,2026-10-12,11:00:00,pending,"Scheduled by administrator for patient assignment.","2026-10-08 10:45:06"
150,175,48,2026-10-12,11:30:00,pending,"Scheduled by administrator for patient assignment.","2026-10-08 10:45:06"
151,176,49,2026-10-12,12:00:00,pending,"Scheduled by administrator for patient assignment.","2026-10-08 10:45:06"
152,177,50,2026-10-12,12:30:00,pending,"Scheduled by administrator for patient assignment.","2026-10-08 10:45:06"
153,178,51,2026-10-12,13:00:00,pending,"Scheduled by administrator for patient assignment.","2026-10-08 10:45:06"
154,179,52,2026-10-12,13:30:00,pending,"Scheduled by administrator for patient assignment.","2026-10-08 10:45:06"
155,180,53,2026-10-12,14:00:00,pending,"Scheduled by administrator for patient assignment.","2026-10-08 10:45:06"
156,181,54,2026-10-12,14:30:00,pending,"Scheduled by administrator for patient assignment.","2026-10-08 10:45:06"
157,182,55,2026-10-12,15:00:00,pending,"Scheduled by administrator for patient assignment.","2026-10-08 10:45:06"
158,183,56,2026-10-12,15:30:00,pending,"Scheduled by administrator for patient assignment.","2026-10-08 10:45:06"
159,184,57,2026-10-12,16:00:00,pending,"Scheduled by administrator for patient assignment.","2026-10-08 10:45:06"
160,185,58,2026-10-12,16:30:00,pending,"Scheduled by administrator for patient assignment.","2026-10-08 10:45:06"
161,186,59,2026-10-12,17:00:00,pending,"Scheduled by administrator for patient assignment.","2026-10-08 10:45:06"
162,187,60,2026-10-12,17:30:00,pending,"Scheduled by administrator for patient assignment.","2026-10-08 10:45:06"
163,188,61,2026-10-12,18:00:00,pending,"Scheduled by administrator for patient assignment.","2026-10-08 10:45:06"
164,189,62,2026-10-12,18:30:00,pending,"Scheduled by administrator for patient assignment.","2026-10-08 10:45:06"
165,190,63,2026-10-12,19:00:00,pending,"Scheduled by administrator for patient assignment.","2026-10-08 10:45:06"
166,191,64,2026-10-12,19:30:00,pending,"Scheduled by administrator for patient assignment.","2026-10-08 10:45:06"
167,192,65,2026-10-12,20:00:00,pending,"Scheduled by administrator for patient assignment.","2026-10-08 10:45:06"
168,193,66,2026-10-12,20:30:00,pending,"Scheduled by administrator for patient assignment.","2026-10-08 10:45:06"
169,194,67,2026-10-12,21:00:00,pending,"Scheduled by administrator for patient assignment.","2026-10-08 10:45:06"
170,195,68,2026-10-12,21:30:00,pending,"Scheduled by administrator for patient assignment.","2026-10-08 10:45:06"
171,196,69,2026-10-12,22:00:00,pending,"Scheduled by administrator for patient assignment.","2026-10-08 10:45:06"
172,197,70,2026-10-12,22:30:00,pending,"Scheduled by administrator for patient assignment.","2026-10-08 10:45:06"
173,198,71,2026-10-12,23:00:00,pending,"Scheduled by administrator for patient assignment.","2026-10-08 10:45:06"
174,199,72,2026-10-12,23:30:00,pending,"Scheduled by administrator for patient assignment.","2026-10-08 10:45:06"
175,200,73,2026-10-13,00:00:00,pending,"Scheduled by administrator for patient assignment.","2026-10-08 10:45:06"
176,201,74,2026-10-13,00:30:00,pending,"Scheduled by administrator for patient assignment.","2026-10-08 10:45:06"
177,202,75,2026-10-13,01:00:00,pending,"Scheduled by administrator for patient assignment.","2026-10-08 10:45:06"
178,203,76,2026-10-13,01:30:00,pending,"Scheduled by administrator for patient assignment.","2026-10-08 10:45:06"
179,204,77,2026-10-13,02:00:00,pending,"Scheduled by administrator for patient assignment.","2026-10-08 10:45:06"
180,205,78,2026-10-13,02:30:00,pending,"Scheduled by administrator for patient assignment.","2026-10-08 10:45:06"
181,206,79,2026-10-13,03:00:00,pending,"Scheduled by administrator for patient assignment.","2026-10-08 10:45:06"
182,207,80,2026-10-13,03:30:00,pending,"Scheduled by administrator for patient assignment.","2026-10-08 10:45:06"
183,208,81,2026-10-13,04:00:00,pending,"Scheduled by administrator for patient assignment.","2026-10-08 10:45:06"
184,209,82,2026-10-13,04:30:00,pending,"Scheduled by administrator for patient assignment.","2026-10-08 10:45:06"
185,210,83,2026-10-13,05:00:00,pending,"Scheduled by administrator for patient assignment.","2026-10-08 10:45:06"
186,211,84,2026-10-13,05:30:00,pending,"Scheduled by administrator for patient assignment.","2026-10-08 10:45:06"
187,212,85,2026-10-13,06:00:00,pending,"Scheduled by administrator for patient assignment.","2026-10-08 10:45:06"
188,213,86,2026-10-13,06:30:00,pending,"Scheduled by administrator for patient assignment.","2026-10-08 10:45:06"
189,214,87,2026-10-13,07:00:00,pending,"Scheduled by administrator for patient assignment.","2026-10-08 10:45:06"
190,215,88,2026-10-13,07:30:00,pending,"Scheduled by administrator for patient assignment.","2026-10-08 10:45:06"
191,216,89,2026-10-13,08:00:00,pending,"Scheduled by administrator for patient assignment.","2026-10-08 10:45:06"
192,217,90,2026-10-13,08:30:00,pending,"Scheduled by administrator for patient assignment.","2026-10-08 10:45:06"
193,218,91,2026-10-13,09:00:00,pending,"Scheduled by administrator for patient assignment.","2026-10-08 10:45:06"
194,219,92,2026-10-13,09:30:00,pending,"Scheduled by administrator for patient assignment.","2026-10-08 10:45:06"
195,220,93,2026-10-13,10:00:00,pending,"Scheduled by administrator for patient assignment.","2026-10-08 10:45:06"
196,221,94,2026-10-13,10:30:00,pending,"Scheduled by administrator for patient assignment.","2026-10-08 10:45:06"
197,222,95,2026-10-13,11:00:00,pending,"Scheduled by administrator for patient assignment.","2026-10-08 10:45:06"
198,223,96,2026-10-13,11:30:00,pending,"Scheduled by administrator for patient assignment.","2026-10-08 10:45:06"
199,224,97,2026-10-13,12:00:00,pending,"Scheduled by administrator for patient assignment.","2026-10-08 10:45:06"
200,225,98,2026-10-13,12:30:00,pending,"Scheduled by administrator for patient assignment.","2026-10-08 10:45:06"
201,226,99,2026-10-13,13:00:00,pending,"Scheduled by administrator for patient assignment.","2026-10-08 10:45:06"
202,227,100,2026-10-13,13:30:00,pending,"Scheduled by administrator for patient assignment.","2026-10-08 10:45:06"
203,228,101,2026-10-13,14:00:00,pending,"Scheduled by administrator for patient assignment.","2026-10-08 10:45:06"
204,229,102,2026-10-13,14:30:00,pending,"Scheduled by administrator for patient assignment.","2026-10-08 10:45:06"
205,230,1,2026-10-13,15:00:00,pending,"Scheduled by administrator for patient assignment.","2026-10-08 10:45:06"
206,231,2,2026-10-13,15:30:00,pending,"Scheduled by administrator for patient assignment.","2026-10-08 10:45:06"
207,232,3,2026-10-13,16:00:00,pending,"Scheduled by administrator for patient assignment.","2026-10-08 10:45:06"
208,233,4,2026-10-13,16:30:00,pending,"Scheduled by administrator for patient assignment.","2026-10-08 10:45:06"
209,234,5,2026-10-13,17:00:00,pending,"Scheduled by administrator for patient assignment.","2026-10-08 10:45:06"
210,235,6,2026-10-13,17:30:00,pending,"Scheduled by administrator for patient assignment.","2026-10-08 10:45:06"
211,236,7,2026-10-13,18:00:00,pending,"Scheduled by administrator for patient assignment.","2026-10-08 10:45:06"
212,237,8,2026-10-13,18:30:00,pending,"Scheduled by administrator for patient assignment.","2026-10-08 10:45:06"
213,238,9,2026-10-13,19:00:00,pending,"Scheduled by administrator for patient assignment.","2026-10-08 10:45:06"
214,239,10,2026-10-13,19:30:00,pending,"Scheduled by administrator for patient assignment.","2026-10-08 10:45:06"
215,240,11,2026-10-13,20:00:00,pending,"Scheduled by administrator for patient assignment.","2026-10-08 10:45:06"
216,241,12,2026-10-13,20:30:00,pending,"Scheduled by administrator for patient assignment.","2026-10-08 10:45:06"
217,242,13,2026-10-13,21:00:00,pending,"Scheduled by administrator for patient assignment.","2026-10-08 10:45:06"
218,243,14,2026-10-13,21:30:00,pending,"Scheduled by administrator for patient assignment.","2026-10-08 10:45:06"
219,244,15,2026-10-13,22:00:00,pending,"Scheduled by administrator for patient assignment.","2026-10-08 10:45:06"
220,245,16,2026-10-13,22:30:00,pending,"Scheduled by administrator for patient assignment.","2026-10-08 10:45:06"
221,246,17,2026-10-13,23:00:00,pending,"Scheduled by administrator for patient assignment.","2026-10-08 10:45:06"
222,247,18,2026-10-13,23:30:00,pending,"Scheduled by administrator for patient assignment.","2026-10-08 10:45:06"
223,248,19,2026-10-14,00:00:00,pending,"Scheduled by administrator for patient assignment.","2026-10-08 10:45:06"
224,249,20,2026-10-14,00:30:00,pending,"Scheduled by administrator for patient assignment.","2026-10-08 10:45:06"
225,250,21,2026-10-14,01:00:00,pending,"Scheduled by administrator for patient assignment.","2026-10-08 10:45:06"
226,251,22,2026-10-14,01:30:00,pending,"Scheduled by administrator for patient assignment.","2026-10-08 10:45:06"
227,252,23,2026-10-14,02:00:00,pending,"Scheduled by administrator for patient assignment.","2026-10-08 10:45:06"
228,253,24,2026-10-14,02:30:00,pending,"Scheduled by administrator for patient assignment.","2026-10-08 10:45:06"
229,254,25,2026-10-14,03:00:00,pending,"Scheduled by administrator for patient assignment.","2026-10-08 10:45:06"
230,255,26,2026-10-14,03:30:00,pending,"Scheduled by administrator for patient assignment.","2026-10-08 10:45:06"
231,256,27,2026-10-14,04:00:00,pending,"Scheduled by administrator for patient assignment.","2026-10-08 10:45:06"
232,257,28,2026-10-14,04:30:00,pending,"Scheduled by administrator for patient assignment.","2026-10-08 10:45:06"
233,258,29,2026-10-14,05:00:00,pending,"Scheduled by administrator for patient assignment.","2026-10-08 10:45:06"
234,259,30,2026-10-14,05:30:00,pending,"Scheduled by administrator for patient assignment.","2026-10-08 10:45:06"
235,260,31,2026-10-14,06:00:00,pending,"Scheduled by administrator for patient assignment.","2026-10-08 10:45:06"
236,261,32,2026-10-14,06:30:00,pending,"Scheduled by administrator for patient assignment.","2026-10-08 10:45:06"
237,262,33,2026-10-14,07:00:00,pending,"Scheduled by administrator for patient assignment.","2026-10-08 10:45:06"
238,263,34,2026-10-14,07:30:00,pending,"Scheduled by administrator for patient assignment.","2026-10-08 10:45:06"
239,264,35,2026-10-14,08:00:00,pending,"Scheduled by administrator for patient assignment.","2026-10-08 10:45:06"
240,265,36,2026-10-14,08:30:00,pending,"Scheduled by administrator for patient assignment.","2026-10-08 10:45:06"
241,266,37,2026-10-14,09:00:00,pending,"Scheduled by administrator for patient assignment.","2026-10-08 10:45:06"
242,267,38,2026-10-14,09:30:00,pending,"Scheduled by administrator for patient assignment.","2026-10-08 10:45:06"
243,268,39,2026-10-14,10:00:00,pending,"Scheduled by administrator for patient assignment.","2026-10-08 10:45:06"
244,269,40,2026-10-14,10:30:00,pending,"Scheduled by administrator for patient assignment.","2026-10-08 10:45:06"
245,270,41,2026-10-14,11:00:00,pending,"Scheduled by administrator for patient assignment.","2026-10-08 10:45:06"
246,271,42,2026-10-14,11:30:00,pending,"Scheduled by administrator for patient assignment.","2026-10-08 10:45:06"
247,272,43,2026-10-14,12:00:00,pending,"Scheduled by administrator for patient assignment.","2026-10-08 10:45:06"
248,273,44,2026-10-14,12:30:00,pending,"Scheduled by administrator for patient assignment.","2026-10-08 10:45:06"
249,274,45,2026-10-14,13:00:00,pending,"Scheduled by administrator for patient assignment.","2026-10-08 10:45:06"
250,275,46,2026-10-14,13:30:00,pending,"Scheduled by administrator for patient assignment.","2026-10-08 10:45:06"
251,276,47,2026-10-14,14:00:00,pending,"Scheduled by administrator for patient assignment.","2026-10-08 10:45:06"
252,277,48,2026-10-14,14:30:00,pending,"Scheduled by administrator for patient assignment.","2026-10-08 10:45:06"
253,278,49,2026-10-14,15:00:00,pending,"Scheduled by administrator for patient assignment.","2026-10-08 10:45:06"
254,279,50,2026-10-14,15:30:00,pending,"Scheduled by administrator for patient assignment.","2026-10-08 10:45:06"
255,280,51,2026-10-14,16:00:00,pending,"Scheduled by administrator for patient assignment.","2026-10-08 10:45:06"
256,281,52,2026-10-14,16:30:00,pending,"Scheduled by administrator for patient assignment.","2026-10-08 10:45:06"
257,282,53,2026-10-14,17:00:00,pending,"Scheduled by administrator for patient assignment.","2026-10-08 10:45:06"
258,283,54,2026-10-14,17:30:00,pending,"Scheduled by administrator for patient assignment.","2026-10-08 10:45:06"
259,284,55,2026-10-14,18:00:00,pending,"Scheduled by administrator for patient assignment.","2026-10-08 10:45:06"
260,285,56,2026-10-14,18:30:00,pending,"Scheduled by administrator for patient assignment.","2026-10-08 10:45:06"
261,286,57,2026-10-14,19:00:00,pending,"Scheduled by administrator for patient assignment.","2026-10-08 10:45:06"
262,287,58,2026-10-14,19:30:00,pending,"Scheduled by administrator for patient assignment.","2026-10-08 10:45:06"
263,288,59,2026-10-14,20:00:00,pending,"Scheduled by administrator for patient assignment.","2026-10-08 10:45:06"
264,289,60,2026-10-14,20:30:00,pending,"Scheduled by administrator for patient assignment.","2026-10-08 10:45:06"
265,290,61,2026-10-14,21:00:00,pending,"Scheduled by administrator for patient assignment.","2026-10-08 10:45:06"
266,291,62,2026-10-14,21:30:00,pending,"Scheduled by administrator for patient assignment.","2026-10-08 10:45:06"
267,292,63,2026-10-14,22:00:00,pending,"Scheduled by administrator for patient assignment.","2026-10-08 10:45:06"
268,293,64,2026-10-14,22:30:00,pending,"Scheduled by administrator for patient assignment.","2026-10-08 10:45:06"
269,294,65,2026-10-14,23:00:00,pending,"Scheduled by administrator for patient assignment.","2026-10-08 10:45:06"
270,295,66,2026-10-14,23:30:00,pending,"Scheduled by administrator for patient assignment.","2026-10-08 10:45:06"
271,296,67,2026-10-15,00:00:00,pending,"Scheduled by administrator for patient assignment.","2026-10-08 10:45:06"
272,297,68,2026-10-15,00:30:00,pending,"Scheduled by administrator for patient assignment.","2026-10-08 10:45:06"
273,298,69,2026-10-15,01:00:00,pending,"Scheduled by administrator for patient assignment.","2026-10-08 10:45:06"
274,299,70,2026-10-15,01:30:00,pending,"Scheduled by administrator for patient assignment.","2026-10-08 10:45:06"
275,300,71,2026-10-15,02:00:00,pending,"Scheduled by administrator for patient assignment.","2026-10-08 10:45:06"
276,301,72,2026-10-15,02:30:00,pending,"Scheduled by administrator for patient assignment.","2026-10-08 10:45:06"
277,302,73,2026-10-15,03:00:00,pending,"Scheduled by administrator for patient assignment.","2026-10-08 10:45:06"
278,303,74,2026-10-15,03:30:00,pending,"Scheduled by administrator for patient assignment.","2026-10-08 10:45:06"
279,304,75,2026-10-15,04:00:00,pending,"Scheduled by administrator for patient assignment.","2026-10-08 10:45:06"
280,305,76,2026-10-15,04:30:00,pending,"Scheduled by administrator for patient assignment.","2026-10-08 10:45:06"
281,306,77,2026-10-15,05:00:00,pending,"Scheduled by administrator for patient assignment.","2026-10-08 10:45:06"
282,307,78,2026-10-15,05:30:00,pending,"Scheduled by administrator for patient assignment.","2026-10-08 10:45:06"
283,308,79,2026-10-15,06:00:00,pending,"Scheduled by administrator for patient assignment.","2026-10-08 10:45:06"
284,309,80,2026-10-15,06:30:00,pending,"Scheduled by administrator for patient assignment.","2026-10-08 10:45:06"
285,310,81,2026-10-15,07:00:00,pending,"Scheduled by administrator for patient assignment.","2026-10-08 10:45:06"
286,311,82,2026-10-15,07:30:00,pending,"Scheduled by administrator for patient assignment.","2026-10-08 10:45:06"
287,312,83,2026-10-15,08:00:00,pending,"Scheduled by administrator for patient assignment.","2026-10-08 10:45:06"
288,313,84,2026-10-15,08:30:00,pending,"Scheduled by administrator for patient assignment.","2026-10-08 10:45:06"
289,314,85,2026-10-15,09:00:00,pending,"Scheduled by administrator for patient assignment.","2026-10-08 10:45:06"
290,315,86,2026-10-15,09:30:00,pending,"Scheduled by administrator for patient assignment.","2026-10-08 10:45:06"
291,316,87,2026-10-15,10:00:00,pending,"Scheduled by administrator for patient assignment.","2026-10-08 10:45:06"
292,317,88,2026-10-15,10:30:00,pending,"Scheduled by administrator for patient assignment.","2026-10-08 10:45:06"
293,318,89,2026-10-15,11:00:00,pending,"Scheduled by administrator for patient assignment.","2026-10-08 10:45:06"
294,319,90,2026-10-15,11:30:00,pending,"Scheduled by administrator for patient assignment.","2026-10-08 10:45:06"
295,320,91,2026-10-15,12:00:00,pending,"Scheduled by administrator for patient assignment.","2026-10-08 10:45:06"
296,321,92,2026-10-15,12:30:00,pending,"Scheduled by administrator for patient assignment.","2026-10-08 10:45:06"
297,322,93,2026-10-15,13:00:00,pending,"Scheduled by administrator for patient assignment.","2026-10-08 10:45:06"
298,323,94,2026-10-15,13:30:00,pending,"Scheduled by administrator for patient assignment.","2026-10-08 10:45:06"
299,324,95,2026-10-15,14:00:00,pending,"Scheduled by administrator for patient assignment.","2026-10-08 10:45:06"
300,325,96,2026-10-15,14:30:00,pending,"Scheduled by administrator for patient assignment.","2026-10-08 10:45:06"
301,326,97,2026-10-15,15:00:00,pending,"Scheduled by administrator for patient assignment.","2026-10-08 10:45:06"
302,327,98,2026-10-15,15:30:00,pending,"Scheduled by administrator for patient assignment.","2026-10-08 10:45:06"
303,328,99,2026-10-15,16:00:00,pending,"Scheduled by administrator for patient assignment.","2026-10-08 10:45:06"
304,329,100,2026-10-15,16:30:00,pending,"Scheduled by administrator for patient assignment.","2026-10-08 10:45:06"
305,330,101,2026-10-15,17:00:00,pending,"Scheduled by administrator for patient assignment.","2026-10-08 10:45:06"
306,331,102,2026-10-15,17:30:00,pending,"Scheduled by administrator for patient assignment.","2026-10-08 10:45:06"
307,332,1,2026-10-15,18:00:00,pending,"Scheduled by administrator for patient assignment.","2026-10-08 10:45:06"
308,333,2,2026-10-15,18:30:00,pending,"Scheduled by administrator for patient assignment.","2026-10-08 10:45:06"
309,334,3,2026-10-15,19:00:00,pending,"Scheduled by administrator for patient assignment.","2026-10-08 10:45:06"
310,335,4,2026-10-15,19:30:00,pending,"Scheduled by administrator for patient assignment.","2026-10-08 10:45:06"
311,336,5,2026-10-15,20:00:00,pending,"Scheduled by administrator for patient assignment.","2026-10-08 10:45:06"
312,337,6,2026-10-15,20:30:00,pending,"Scheduled by administrator for patient assignment.","2026-10-08 10:45:06"
313,338,7,2026-10-15,21:00:00,pending,"Scheduled by administrator for patient assignment.","2026-10-08 10:45:06"
314,339,8,2026-10-15,21:30:00,pending,"Scheduled by administrator for patient assignment.","2026-10-08 10:45:06"
315,340,9,2026-10-15,22:00:00,pending,"Scheduled by administrator for patient assignment.","2026-10-08 10:45:06"
316,341,10,2026-10-15,22:30:00,pending,"Scheduled by administrator for patient assignment.","2026-10-08 10:45:06"
317,342,11,2026-10-15,23:00:00,pending,"Scheduled by administrator for patient assignment.","2026-10-08 10:45:06"
318,343,12,2026-10-15,23:30:00,pending,"Scheduled by administrator for patient assignment.","2026-10-08 10:45:06"
319,344,13,2026-10-16,00:00:00,pending,"Scheduled by administrator for patient assignment.","2026-10-08 10:45:06"
320,345,14,2026-10-16,00:30:00,pending,"Scheduled by administrator for patient assignment.","2026-10-08 10:45:06"
321,346,15,2026-10-16,01:00:00,pending,"Scheduled by administrator for patient assignment.","2026-10-08 10:45:06"
322,347,16,2026-10-16,01:30:00,pending,"Scheduled by administrator for patient assignment.","2026-10-08 10:45:06"
323,348,17,2026-10-16,02:00:00,pending,"Scheduled by administrator for patient assignment.","2026-10-08 10:45:06"
324,349,18,2026-10-16,02:30:00,pending,"Scheduled by administrator for patient assignment.","2026-10-08 10:45:06"
325,350,19,2026-10-16,03:00:00,pending,"Scheduled by administrator for patient assignment.","2026-10-08 10:45:06"
326,351,20,2026-10-16,03:30:00,pending,"Scheduled by administrator for patient assignment.","2026-10-08 10:45:06"
327,352,21,2026-10-16,04:00:00,pending,"Scheduled by administrator for patient assignment.","2026-10-08 10:45:06"
328,353,22,2026-10-16,04:30:00,pending,"Scheduled by administrator for patient assignment.","2026-10-08 10:45:06"
329,354,23,2026-10-16,05:00:00,pending,"Scheduled by administrator for patient assignment.","2026-10-08 10:45:06"
330,355,24,2026-10-16,05:30:00,pending,"Scheduled by administrator for patient assignment.","2026-10-08 10:45:06"
331,356,25,2026-10-16,06:00:00,pending,"Scheduled by administrator for patient assignment.","2026-10-08 10:45:06"
332,357,26,2026-10-16,06:30:00,pending,"Scheduled by administrator for patient assignment.","2026-10-08 10:45:06"
333,358,27,2026-10-16,07:00:00,pending,"Scheduled by administrator for patient assignment.","2026-10-08 10:45:06"
334,359,28,2026-10-16,07:30:00,pending,"Scheduled by administrator for patient assignment.","2026-10-08 10:45:06"
335,360,29,2026-10-16,08:00:00,pending,"Scheduled by administrator for patient assignment.","2026-10-08 10:45:06"
336,361,30,2026-10-16,08:30:00,pending,"Scheduled by administrator for patient assignment.","2026-10-08 10:45:06"
337,362,31,2026-10-16,09:00:00,pending,"Scheduled by administrator for patient assignment.","2026-10-08 10:45:06"
338,363,32,2026-10-16,09:30:00,pending,"Scheduled by administrator for patient assignment.","2026-10-08 10:45:06"
339,364,33,2026-10-16,10:00:00,pending,"Scheduled by administrator for patient assignment.","2026-10-08 10:45:06"
340,365,34,2026-10-16,10:30:00,pending,"Scheduled by administrator for patient assignment.","2026-10-08 10:45:06"
341,366,35,2026-10-16,11:00:00,pending,"Scheduled by administrator for patient assignment.","2026-10-08 10:45:06"
342,367,36,2026-10-16,11:30:00,pending,"Scheduled by administrator for patient assignment.","2026-10-08 10:45:06"
343,368,37,2026-10-16,12:00:00,pending,"Scheduled by administrator for patient assignment.","2026-10-08 10:45:06"
344,369,38,2026-10-16,12:30:00,pending,"Scheduled by administrator for patient assignment.","2026-10-08 10:45:06"
345,370,39,2026-10-16,13:00:00,pending,"Scheduled by administrator for patient assignment.","2026-10-08 10:45:06"
346,371,40,2026-10-16,13:30:00,pending,"Scheduled by administrator for patient assignment.","2026-10-08 10:45:06"
347,372,41,2026-10-16,14:00:00,pending,"Scheduled by administrator for patient assignment.","2026-10-08 10:45:06"
348,373,42,2026-10-16,14:30:00,pending,"Scheduled by administrator for patient assignment.","2026-10-08 10:45:06"
349,374,43,2026-10-16,15:00:00,pending,"Scheduled by administrator for patient assignment.","2026-10-08 10:45:06"
350,375,44,2026-10-16,15:30:00,pending,"Scheduled by administrator for patient assignment.","2026-10-08 10:45:06"
351,376,45,2026-10-16,16:00:00,pending,"Scheduled by administrator for patient assignment.","2026-10-08 10:45:06"
352,377,46,2026-10-16,16:30:00,pending,"Scheduled by administrator for patient assignment.","2026-10-08 10:45:06"
353,378,47,2026-10-16,17:00:00,pending,"Scheduled by administrator for patient assignment.","2026-10-08 10:45:06"
354,379,48,2026-10-16,17:30:00,pending,"Scheduled by administrator for patient assignment.","2026-10-08 10:45:06"
355,380,49,2026-10-16,18:00:00,pending,"Scheduled by administrator for patient assignment.","2026-10-08 10:45:06"
356,381,50,2026-10-16,18:30:00,pending,"Scheduled by administrator for patient assignment.","2026-10-08 10:45:06"
357,382,51,2026-10-16,19:00:00,pending,"Scheduled by administrator for patient assignment.","2026-10-08 10:45:06"
358,383,52,2026-10-16,19:30:00,pending,"Scheduled by administrator for patient assignment.","2026-10-08 10:45:06"
359,384,53,2026-10-16,20:00:00,pending,"Scheduled by administrator for patient assignment.","2026-10-08 10:45:06"
360,385,54,2026-10-16,20:30:00,pending,"Scheduled by administrator for patient assignment.","2026-10-08 10:45:06"
361,386,55,2026-10-16,21:00:00,pending,"Scheduled by administrator for patient assignment.","2026-10-08 10:45:06"
362,387,56,2026-10-16,21:30:00,pending,"Scheduled by administrator for patient assignment.","2026-10-08 10:45:06"
363,388,57,2026-10-16,22:00:00,pending,"Scheduled by administrator for patient assignment.","2026-10-08 10:45:06"
364,389,58,2026-10-16,22:30:00,pending,"Scheduled by administrator for patient assignment.","2026-10-08 10:45:06"
365,390,59,2026-10-16,23:00:00,pending,"Scheduled by administrator for patient assignment.","2026-10-08 10:45:06"
366,391,60,2026-10-16,23:30:00,pending,"Scheduled by administrator for patient assignment.","2026-10-08 10:45:06"
367,392,61,2026-10-17,00:00:00,pending,"Scheduled by administrator for patient assignment.","2026-10-08 10:45:06"
368,393,62,2026-10-17,00:30:00,pending,"Scheduled by administrator for patient assignment.","2026-10-08 10:45:06"
369,394,63,2026-10-17,01:00:00,pending,"Scheduled by administrator for patient assignment.","2026-10-08 10:45:06"
370,395,64,2026-10-17,01:30:00,pending,"Scheduled by administrator for patient assignment.","2026-10-08 10:45:06"
371,396,65,2026-10-17,02:00:00,pending,"Scheduled by administrator for patient assignment.","2026-10-08 10:45:06"
372,397,66,2026-10-17,02:30:00,pending,"Scheduled by administrator for patient assignment.","2026-10-08 10:45:06"
373,398,67,2026-10-17,03:00:00,pending,"Scheduled by administrator for patient assignment.","2026-10-08 10:45:06"
374,399,68,2026-10-17,03:30:00,pending,"Scheduled by administrator for patient assignment.","2026-10-08 10:45:06"
375,400,69,2026-10-17,04:00:00,pending,"Scheduled by administrator for patient assignment.","2026-10-08 10:45:06"
376,401,70,2026-10-17,04:30:00,pending,"Scheduled by administrator for patient assignment.","2026-10-08 10:45:06"
377,402,71,2026-10-17,05:00:00,pending,"Scheduled by administrator for patient assignment.","2026-10-08 10:45:06"
378,403,72,2026-10-17,05:30:00,pending,"Scheduled by administrator for patient assignment.","2026-10-08 10:45:06"
379,404,73,2026-10-17,06:00:00,pending,"Scheduled by administrator for patient assignment.","2026-10-08 10:45:06"
380,405,74,2026-10-17,06:30:00,pending,"Scheduled by administrator for patient assignment.","2026-10-08 10:45:06"
381,406,75,2026-10-17,07:00:00,pending,"Scheduled by administrator for patient assignment.","2026-10-08 10:45:06"
382,407,76,2026-10-17,07:30:00,pending,"Scheduled by administrator for patient assignment.","2026-10-08 10:45:06"
383,408,77,2026-10-17,08:00:00,pending,"Scheduled by administrator for patient assignment.","2026-10-08 10:45:06"
384,409,78,2026-10-17,08:30:00,pending,"Scheduled by administrator for patient assignment.","2026-10-08 10:45:06"
385,410,79,2026-10-17,09:00:00,pending,"Scheduled by administrator for patient assignment.","2026-10-08 10:45:06"
386,411,80,2026-10-17,09:30:00,pending,"Scheduled by administrator for patient assignment.","2026-10-08 10:45:06"
387,412,81,2026-10-17,10:00:00,pending,"Scheduled by administrator for patient assignment.","2026-10-08 10:45:06"
388,413,82,2026-10-17,10:30:00,pending,"Scheduled by administrator for patient assignment.","2026-10-08 10:45:06"
389,414,83,2026-10-17,11:00:00,pending,"Scheduled by administrator for patient assignment.","2026-10-08 10:45:06"
390,415,84,2026-10-17,11:30:00,pending,"Scheduled by administrator for patient assignment.","2026-10-08 10:45:06"
391,416,85,2026-10-17,12:00:00,pending,"Scheduled by administrator for patient assignment.","2026-10-08 10:45:06"
392,417,86,2026-10-17,12:30:00,pending,"Scheduled by administrator for patient assignment.","2026-10-08 10:45:06"
393,418,87,2026-10-17,13:00:00,pending,"Scheduled by administrator for patient assignment.","2026-10-08 10:45:06"
394,419,88,2026-10-17,13:30:00,pending,"Scheduled by administrator for patient assignment.","2026-10-08 10:45:06"
395,420,89,2026-10-17,14:00:00,pending,"Scheduled by administrator for patient assignment.","2026-10-08 10:45:06"
396,421,90,2026-10-17,14:30:00,pending,"Scheduled by administrator for patient assignment.","2026-10-08 10:45:06"
397,422,91,2026-10-17,15:00:00,pending,"Scheduled by administrator for patient assignment.","2026-10-08 10:45:06"
398,423,92,2026-10-17,15:30:00,pending,"Scheduled by administrator for patient assignment.","2026-10-08 10:45:06"
399,424,93,2026-10-17,16:00:00,pending,"Scheduled by administrator for patient assignment.","2026-10-08 10:45:06"
400,425,94,2026-10-17,16:30:00,pending,"Scheduled by administrator for patient assignment.","2026-10-08 10:45:06"
401,426,95,2026-10-17,17:00:00,pending,"Scheduled by administrator for patient assignment.","2026-10-08 10:45:06"
402,427,96,2026-10-17,17:30:00,pending,"Scheduled by administrator for patient assignment.","2026-10-08 10:45:06"
403,428,97,2026-10-17,18:00:00,pending,"Scheduled by administrator for patient assignment.","2026-10-08 10:45:06"
404,429,98,2026-10-17,18:30:00,pending,"Scheduled by administrator for patient assignment.","2026-10-08 10:45:06"
405,430,99,2026-10-17,19:00:00,pending,"Scheduled by administrator for patient assignment.","2026-10-08 10:45:06"
406,431,100,2026-10-17,19:30:00,pending,"Scheduled by administrator for patient assignment.","2026-10-08 10:45:06"
407,432,101,2026-10-17,20:00:00,pending,"Scheduled by administrator for patient assignment.","2026-10-08 10:45:06"
408,433,102,2026-10-17,20:30:00,pending,"Scheduled by administrator for patient assignment.","2026-10-08 10:45:06"
409,434,1,2026-10-17,21:00:00,pending,"Scheduled by administrator for patient assignment.","2026-10-08 10:45:06"
410,435,2,2026-10-17,21:30:00,pending,"Scheduled by administrator for patient assignment.","2026-10-08 10:45:06"
411,436,3,2026-10-17,22:00:00,pending,"Scheduled by administrator for patient assignment.","2026-10-08 10:45:06"
412,437,4,2026-10-17,22:30:00,pending,"Scheduled by administrator for patient assignment.","2026-10-08 10:45:06"
413,438,5,2026-10-17,23:00:00,pending,"Scheduled by administrator for patient assignment.","2026-10-08 10:45:06"
414,439,6,2026-10-17,23:30:00,pending,"Scheduled by administrator for patient assignment.","2026-10-08 10:45:06"
415,440,7,2026-10-18,00:00:00,pending,"Scheduled by administrator for patient assignment.","2026-10-08 10:45:06"
416,441,8,2026-10-18,00:30:00,pending,"Scheduled by administrator for patient assignment.","2026-10-08 10:45:06"
417,442,9,2026-10-18,01:00:00,pending,"Scheduled by administrator for patient assignment.","2026-10-08 10:45:06"
418,443,10,2026-10-18,01:30:00,pending,"Scheduled by administrator for patient assignment.","2026-10-08 10:45:06"
419,444,11,2026-10-18,02:00:00,pending,"Scheduled by administrator for patient assignment.","2026-10-08 10:45:06"
420,445,12,2026-10-18,02:30:00,pending,"Scheduled by administrator for patient assignment.","2026-10-08 10:45:06"
421,446,13,2026-10-18,03:00:00,pending,"Scheduled by administrator for patient assignment.","2026-10-08 10:45:06"
422,447,14,2026-10-18,03:30:00,pending,"Scheduled by administrator for patient assignment.","2026-10-08 10:45:06"
423,448,15,2026-10-18,04:00:00,pending,"Scheduled by administrator for patient assignment.","2026-10-08 10:45:06"
424,449,16,2026-10-18,04:30:00,pending,"Scheduled by administrator for patient assignment.","2026-10-08 10:45:06"
425,450,17,2026-10-18,05:00:00,pending,"Scheduled by administrator for patient assignment.","2026-10-08 10:45:06"
426,451,18,2026-10-18,05:30:00,pending,"Scheduled by administrator for patient assignment.","2026-10-08 10:45:06"
427,452,19,2026-10-18,06:00:00,pending,"Scheduled by administrator for patient assignment.","2026-10-08 10:45:06"
428,453,20,2026-10-18,06:30:00,pending,"Scheduled by administrator for patient assignment.","2026-10-08 10:45:06"
429,454,21,2026-10-18,07:00:00,pending,"Scheduled by administrator for patient assignment.","2026-10-08 10:45:06"
430,455,22,2026-10-18,07:30:00,pending,"Scheduled by administrator for patient assignment.","2026-10-08 10:45:06"
431,456,23,2026-10-18,08:00:00,pending,"Scheduled by administrator for patient assignment.","2026-10-08 10:45:06"
432,457,24,2026-10-18,08:30:00,pending,"Scheduled by administrator for patient assignment.","2026-10-08 10:45:06"
433,458,25,2026-10-18,09:00:00,pending,"Scheduled by administrator for patient assignment.","2026-10-08 10:45:06"
434,459,26,2026-10-18,09:30:00,pending,"Scheduled by administrator for patient assignment.","2026-10-08 10:45:06"
435,460,27,2026-10-18,10:00:00,pending,"Scheduled by administrator for patient assignment.","2026-10-08 10:45:06"
436,461,28,2026-10-18,10:30:00,pending,"Scheduled by administrator for patient assignment.","2026-10-08 10:45:06"
437,462,29,2026-10-18,11:00:00,pending,"Scheduled by administrator for patient assignment.","2026-10-08 10:45:06"
438,463,30,2026-10-18,11:30:00,pending,"Scheduled by administrator for patient assignment.","2026-10-08 10:45:06"
439,464,31,2026-10-18,12:00:00,pending,"Scheduled by administrator for patient assignment.","2026-10-08 10:45:06"
440,465,32,2026-10-18,12:30:00,pending,"Scheduled by administrator for patient assignment.","2026-10-08 10:45:06"
441,466,33,2026-10-18,13:00:00,pending,"Scheduled by administrator for patient assignment.","2026-10-08 10:45:06"
442,467,34,2026-10-18,13:30:00,pending,"Scheduled by administrator for patient assignment.","2026-10-08 10:45:06"
443,468,35,2026-10-18,14:00:00,pending,"Scheduled by administrator for patient assignment.","2026-10-08 10:45:06"
444,469,36,2026-10-18,14:30:00,pending,"Scheduled by administrator for patient assignment.","2026-10-08 10:45:06"
445,470,37,2026-10-18,15:00:00,pending,"Scheduled by administrator for patient assignment.","2026-10-08 10:45:06"
446,471,38,2026-10-18,15:30:00,pending,"Scheduled by administrator for patient assignment.","2026-10-08 10:45:06"
447,472,39,2026-10-18,16:00:00,pending,"Scheduled by administrator for patient assignment.","2026-10-08 10:45:06"
448,473,40,2026-10-18,16:30:00,pending,"Scheduled by administrator for patient assignment.","2026-10-08 10:45:06"
449,474,41,2026-10-18,17:00:00,pending,"Scheduled by administrator for patient assignment.","2026-10-08 10:45:06"
450,475,42,2026-10-18,17:30:00,pending,"Scheduled by administrator for patient assignment.","2026-10-08 10:45:06"
451,476,43,2026-10-18,18:00:00,pending,"Scheduled by administrator for patient assignment.","2026-10-08 10:45:06"
452,477,44,2026-10-18,18:30:00,pending,"Scheduled by administrator for patient assignment.","2026-10-08 10:45:06"
453,478,45,2026-10-18,19:00:00,pending,"Scheduled by administrator for patient assignment.","2026-10-08 10:45:06"
454,479,46,2026-10-18,19:30:00,pending,"Scheduled by administrator for patient assignment.","2026-10-08 10:45:06"
455,480,47,2026-10-18,20:00:00,pending,"Scheduled by administrator for patient assignment.","2026-10-08 10:45:06"
456,481,48,2026-10-18,20:30:00,pending,"Scheduled by administrator for patient assignment.","2026-10-08 10:45:06"
457,482,49,2026-10-18,21:00:00,pending,"Scheduled by administrator for patient assignment.","2026-10-08 10:45:06"
458,483,50,2026-10-18,21:30:00,pending,"Scheduled by administrator for patient assignment.","2026-10-08 10:45:06"
459,484,51,2026-10-18,22:00:00,pending,"Scheduled by administrator for patient assignment.","2026-10-08 10:45:06"
460,485,52,2026-10-18,22:30:00,pending,"Scheduled by administrator for patient assignment.","2026-10-08 10:45:06"
461,486,53,2026-10-18,23:00:00,pending,"Scheduled by administrator for patient assignment.","2026-10-08 10:45:06"
462,487,54,2026-10-18,23:30:00,pending,"Scheduled by administrator for patient assignment.","2026-10-08 10:45:06"
463,488,55,2026-10-19,00:00:00,pending,"Scheduled by administrator for patient assignment.","2026-10-08 10:45:06"
464,489,56,2026-10-19,00:30:00,pending,"Scheduled by administrator for patient assignment.","2026-10-08 10:45:06"
465,490,57,2026-10-19,01:00:00,pending,"Scheduled by administrator for patient assignment.","2026-10-08 10:45:06"
466,491,58,2026-10-19,01:30:00,pending,"Scheduled by administrator for patient assignment.","2026-10-08 10:45:06"
467,492,59,2026-10-19,02:00:00,pending,"Scheduled by administrator for patient assignment.","2026-10-08 10:45:06"
468,493,60,2026-10-19,02:30:00,pending,"Scheduled by administrator for patient assignment.","2026-10-08 10:45:06"
469,494,61,2026-10-19,03:00:00,pending,"Scheduled by administrator for patient assignment.","2026-10-08 10:45:06"
470,495,62,2026-10-19,03:30:00,pending,"Scheduled by administrator for patient assignment.","2026-10-08 10:45:06"
471,496,63,2026-10-19,04:00:00,pending,"Scheduled by administrator for patient assignment.","2026-10-08 10:45:06"
472,497,64,2026-10-19,04:30:00,pending,"Scheduled by administrator for patient assignment.","2026-10-08 10:45:06"
473,498,65,2026-10-19,05:00:00,pending,"Scheduled by administrator for patient assignment.","2026-10-08 10:45:06"
474,499,66,2026-10-19,05:30:00,pending,"Scheduled by administrator for patient assignment.","2026-10-08 10:45:06"
475,500,67,2026-10-19,06:00:00,pending,"Scheduled by administrator for patient assignment.","2026-10-08 10:45:06"
476,501,68,2026-10-19,06:30:00,pending,"Scheduled by administrator for patient assignment.","2026-10-08 10:45:06"
477,502,69,2026-10-19,07:00:00,pending,"Scheduled by administrator for patient assignment.","2026-10-08 10:45:06"
478,503,70,2026-10-19,07:30:00,pending,"Scheduled by administrator for patient assignment.","2026-10-08 10:45:06"
479,504,71,2026-10-19,08:00:00,pending,"Scheduled by administrator for patient assignment.","2026-10-08 10:45:06"
480,505,72,2026-10-19,08:30:00,pending,"Scheduled by administrator for patient assignment.","2026-10-08 10:45:06"
481,506,73,2026-10-19,09:00:00,pending,"Scheduled by administrator for patient assignment.","2026-10-08 10:45:06"
482,507,74,2026-10-19,09:30:00,pending,"Scheduled by administrator for patient assignment.","2026-10-08 10:45:06"
483,508,75,2026-10-19,10:00:00,pending,"Scheduled by administrator for patient assignment.","2026-10-08 10:45:06"
484,509,76,2026-10-19,10:30:00,pending,"Scheduled by administrator for patient assignment.","2026-10-08 10:45:06"
485,510,77,2026-10-19,11:00:00,pending,"Scheduled by administrator for patient assignment.","2026-10-08 10:45:06"
486,511,78,2026-10-19,11:30:00,pending,"Scheduled by administrator for patient assignment.","2026-10-08 10:45:06"
487,512,79,2026-10-19,12:00:00,pending,"Scheduled by administrator for patient assignment.","2026-10-08 10:45:06"
488,513,80,2026-10-19,12:30:00,pending,"Scheduled by administrator for patient assignment.","2026-10-08 10:45:06"
489,514,81,2026-10-19,13:00:00,pending,"Scheduled by administrator for patient assignment.","2026-10-08 10:45:06"
490,515,82,2026-10-19,13:30:00,pending,"Scheduled by administrator for patient assignment.","2026-10-08 10:45:06"
491,516,83,2026-10-19,14:00:00,pending,"Scheduled by administrator for patient assignment.","2026-10-08 10:45:06"
492,517,84,2026-10-19,14:30:00,pending,"Scheduled by administrator for patient assignment.","2026-10-08 10:45:06"
493,518,85,2026-10-19,15:00:00,pending,"Scheduled by administrator for patient assignment.","2026-10-08 10:45:06"
494,519,86,2026-10-19,15:30:00,pending,"Scheduled by administrator for patient assignment.","2026-10-08 10:45:06"
495,520,87,2026-10-19,16:00:00,pending,"Scheduled by administrator for patient assignment.","2026-10-08 10:45:06"
496,521,88,2026-10-19,16:30:00,pending,"Scheduled by administrator for patient assignment.","2026-10-08 10:45:06"
497,522,89,2026-10-19,17:00:00,pending,"Scheduled by administrator for patient assignment.","2026-10-08 10:45:06"
498,523,90,2026-10-19,17:30:00,pending,"Scheduled by administrator for patient assignment.","2026-10-08 10:45:06"
499,524,91,2026-10-19,18:00:00,pending,"Scheduled by administrator for patient assignment.","2026-10-08 10:45:06"
500,525,92,2026-10-19,18:30:00,pending,"Scheduled by administrator for patient assignment.","2026-10-08 10:45:06"
501,526,93,2026-10-19,19:00:00,pending,"Scheduled by administrator for patient assignment.","2026-10-08 10:45:06"
502,527,94,2026-10-19,19:30:00,pending,"Scheduled by administrator for patient assignment.","2026-10-08 10:45:06"
503,528,95,2026-10-19,20:00:00,pending,"Scheduled by administrator for patient assignment.","2026-10-08 10:45:06"
504,529,96,2026-10-19,20:30:00,pending,"Scheduled by administrator for patient assignment.","2026-10-08 10:45:06"
505,530,97,2026-10-19,21:00:00,pending,"Scheduled by administrator for patient assignment.","2026-10-08 10:45:06"
506,531,98,2026-10-19,21:30:00,pending,"Scheduled by administrator for patient assignment.","2026-10-08 10:45:06"
507,532,99,2026-10-19,22:00:00,pending,"Scheduled by administrator for patient assignment.","2026-10-08 10:45:06"
508,533,100,2026-10-19,22:30:00,pending,"Scheduled by administrator for patient assignment.","2026-10-08 10:45:06"
509,534,101,2026-10-19,23:00:00,pending,"Scheduled by administrator for patient assignment.","2026-10-08 10:45:06"
510,535,102,2026-10-19,23:30:00,pending,"Scheduled by administrator for patient assignment.","2026-10-08 10:45:06"
511,536,1,2026-10-20,00:00:00,pending,"Scheduled by administrator for patient assignment.","2026-10-08 10:45:06"
512,537,2,2026-10-20,00:30:00,pending,"Scheduled by administrator for patient assignment.","2026-10-08 10:45:06"
513,538,3,2026-10-20,01:00:00,pending,"Scheduled by administrator for patient assignment.","2026-10-08 10:45:06"
514,539,4,2026-10-20,01:30:00,pending,"Scheduled by administrator for patient assignment.","2026-10-08 10:45:06"
515,540,5,2026-10-20,02:00:00,pending,"Scheduled by administrator for patient assignment.","2026-10-08 10:45:06"
516,541,6,2026-10-20,02:30:00,pending,"Scheduled by administrator for patient assignment.","2026-10-08 10:45:06"
517,542,7,2026-10-20,03:00:00,pending,"Scheduled by administrator for patient assignment.","2026-10-08 10:45:06"
518,543,8,2026-10-20,03:30:00,pending,"Scheduled by administrator for patient assignment.","2026-10-08 10:45:06"
519,544,9,2026-10-20,04:00:00,pending,"Scheduled by administrator for patient assignment.","2026-10-08 10:45:06"
520,545,10,2026-10-20,04:30:00,pending,"Scheduled by administrator for patient assignment.","2026-10-08 10:45:06"
521,546,11,2026-10-20,05:00:00,pending,"Scheduled by administrator for patient assignment.","2026-10-08 10:45:06"
522,547,12,2026-10-20,05:30:00,pending,"Scheduled by administrator for patient assignment.","2026-10-08 10:45:06"
523,548,13,2026-10-20,06:00:00,pending,"Scheduled by administrator for patient assignment.","2026-10-08 10:45:06"
524,549,14,2026-10-20,06:30:00,pending,"Scheduled by administrator for patient assignment.","2026-10-08 10:45:06"
525,550,15,2026-10-20,07:00:00,pending,"Scheduled by administrator for patient assignment.","2026-10-08 10:45:06"
526,551,16,2026-10-20,07:30:00,pending,"Scheduled by administrator for patient assignment.","2026-10-08 10:45:06"
527,552,17,2026-10-20,08:00:00,pending,"Scheduled by administrator for patient assignment.","2026-10-08 10:45:06"
528,553,18,2026-10-20,08:30:00,pending,"Scheduled by administrator for patient assignment.","2026-10-08 10:45:06"
529,554,19,2026-10-20,09:00:00,pending,"Scheduled by administrator for patient assignment.","2026-10-08 10:45:06"
530,555,20,2026-10-20,09:30:00,pending,"Scheduled by administrator for patient assignment.","2026-10-08 10:45:06"
531,556,21,2026-10-20,10:00:00,pending,"Scheduled by administrator for patient assignment.","2026-10-08 10:45:06"
532,557,22,2026-10-20,10:30:00,pending,"Scheduled by administrator for patient assignment.","2026-10-08 10:45:06"
533,558,23,2026-10-20,11:00:00,pending,"Scheduled by administrator for patient assignment.","2026-10-08 10:45:06"
534,559,24,2026-10-20,11:30:00,pending,"Scheduled by administrator for patient assignment.","2026-10-08 10:45:06"
535,560,25,2026-10-20,12:00:00,pending,"Scheduled by administrator for patient assignment.","2026-10-08 10:45:06"
536,561,26,2026-10-20,12:30:00,pending,"Scheduled by administrator for patient assignment.","2026-10-08 10:45:06"
537,562,27,2026-10-20,13:00:00,pending,"Scheduled by administrator for patient assignment.","2026-10-08 10:45:06"
538,563,28,2026-10-20,13:30:00,pending,"Scheduled by administrator for patient assignment.","2026-10-08 10:45:06"
539,564,29,2026-10-20,14:00:00,pending,"Scheduled by administrator for patient assignment.","2026-10-08 10:45:06"
540,565,30,2026-10-20,14:30:00,pending,"Scheduled by administrator for patient assignment.","2026-10-08 10:45:06"
541,566,31,2026-10-20,15:00:00,pending,"Scheduled by administrator for patient assignment.","2026-10-08 10:45:06"
542,567,32,2026-10-20,15:30:00,pending,"Scheduled by administrator for patient assignment.","2026-10-08 10:45:06"
543,568,33,2026-10-20,16:00:00,pending,"Scheduled by administrator for patient assignment.","2026-10-08 10:45:06"
544,569,34,2026-10-20,16:30:00,pending,"Scheduled by administrator for patient assignment.","2026-10-08 10:45:06"
545,570,35,2026-10-20,17:00:00,pending,"Scheduled by administrator for patient assignment.","2026-10-08 10:45:06"
546,571,36,2026-10-20,17:30:00,pending,"Scheduled by administrator for patient assignment.","2026-10-08 10:45:06"
547,572,37,2026-10-20,18:00:00,pending,"Scheduled by administrator for patient assignment.","2026-10-08 10:45:06"
548,573,38,2026-10-20,18:30:00,pending,"Scheduled by administrator for patient assignment.","2026-10-08 10:45:06"
549,574,39,2026-10-20,19:00:00,pending,"Scheduled by administrator for patient assignment.","2026-10-08 10:45:06"
550,575,40,2026-10-20,19:30:00,pending,"Scheduled by administrator for patient assignment.","2026-10-08 10:45:06"
551,576,41,2026-10-20,20:00:00,pending,"Scheduled by administrator for patient assignment.","2026-10-08 10:45:06"
552,577,42,2026-10-20,20:30:00,pending,"Scheduled by administrator for patient assignment.","2026-10-08 10:45:06"
553,578,43,2026-10-20,21:00:00,pending,"Scheduled by administrator for patient assignment.","2026-10-08 10:45:06"
554,579,44,2026-10-20,21:30:00,pending,"Scheduled by administrator for patient assignment.","2026-10-08 10:45:06"
555,580,45,2026-10-20,22:00:00,pending,"Scheduled by administrator for patient assignment.","2026-10-08 10:45:06"
556,581,46,2026-10-20,22:30:00,pending,"Scheduled by administrator for patient assignment.","2026-10-08 10:45:06"
557,582,47,2026-10-20,23:00:00,pending,"Scheduled by administrator for patient assignment.","2026-10-08 10:45:06"
558,583,48,2026-10-20,23:30:00,pending,"Scheduled by administrator for patient assignment.","2026-10-08 10:45:06"
559,584,49,2026-10-21,00:00:00,pending,"Scheduled by administrator for patient assignment.","2026-10-08 10:45:06"
560,585,50,2026-10-21,00:30:00,pending,"Scheduled by administrator for patient assignment.","2026-10-08 10:45:06"
561,586,51,2026-10-21,01:00:00,pending,"Scheduled by administrator for patient assignment.","2026-10-08 10:45:06"
562,587,52,2026-10-21,01:30:00,pending,"Scheduled by administrator for patient assignment.","2026-10-08 10:45:06"
563,588,53,2026-10-21,02:00:00,pending,"Scheduled by administrator for patient assignment.","2026-10-08 10:45:06"
564,589,54,2026-10-21,02:30:00,pending,"Scheduled by administrator for patient assignment.","2026-10-08 10:45:06"
565,590,55,2026-10-21,03:00:00,pending,"Scheduled by administrator for patient assignment.","2026-10-08 10:45:06"
566,591,56,2026-10-21,03:30:00,pending,"Scheduled by administrator for patient assignment.","2026-10-08 10:45:06"
567,592,57,2026-10-21,04:00:00,pending,"Scheduled by administrator for patient assignment.","2026-10-08 10:45:06"
568,593,58,2026-10-21,04:30:00,pending,"Scheduled by administrator for patient assignment.","2026-10-08 10:45:06"
569,594,59,2026-10-21,05:00:00,pending,"Scheduled by administrator for patient assignment.","2026-10-08 10:45:06"
570,595,60,2026-10-21,05:30:00,pending,"Scheduled by administrator for patient assignment.","2026-10-08 10:45:06"
571,596,61,2026-10-21,06:00:00,pending,"Scheduled by administrator for patient assignment.","2026-10-08 10:45:06"
572,597,62,2026-10-21,06:30:00,pending,"Scheduled by administrator for patient assignment.","2026-10-08 10:45:06"
573,598,63,2026-10-21,07:00:00,pending,"Scheduled by administrator for patient assignment.","2026-10-08 10:45:06"
574,599,64,2026-10-21,07:30:00,pending,"Scheduled by administrator for patient assignment.","2026-10-08 10:45:06"
575,600,65,2026-10-21,08:00:00,pending,"Scheduled by administrator for patient assignment.","2026-10-08 10:45:06"
576,601,66,2026-10-21,08:30:00,pending,"Scheduled by administrator for patient assignment.","2026-10-08 10:45:06"
577,602,67,2026-10-21,09:00:00,pending,"Scheduled by administrator for patient assignment.","2026-10-08 10:45:06"
578,603,68,2026-10-21,09:30:00,pending,"Scheduled by administrator for patient assignment.","2026-10-08 10:45:06"
579,604,69,2026-10-21,10:00:00,pending,"Scheduled by administrator for patient assignment.","2026-10-08 10:45:06"
580,605,70,2026-10-21,10:30:00,pending,"Scheduled by administrator for patient assignment.","2026-10-08 10:45:06"
581,606,71,2026-10-21,11:00:00,pending,"Scheduled by administrator for patient assignment.","2026-10-08 10:45:06"
582,607,72,2026-10-21,11:30:00,pending,"Scheduled by administrator for patient assignment.","2026-10-08 10:45:06"
583,608,73,2026-10-21,12:00:00,pending,"Scheduled by administrator for patient assignment.","2026-10-08 10:45:06"
584,609,74,2026-10-21,12:30:00,pending,"Scheduled by administrator for patient assignment.","2026-10-08 10:45:06"
585,610,75,2026-10-21,13:00:00,pending,"Scheduled by administrator for patient assignment.","2026-10-08 10:45:06"
586,611,76,2026-10-21,13:30:00,pending,"Scheduled by administrator for patient assignment.","2026-10-08 10:45:06"
587,612,77,2026-10-21,14:00:00,pending,"Scheduled by administrator for patient assignment.","2026-10-08 10:45:06"
588,613,78,2026-10-21,14:30:00,pending,"Scheduled by administrator for patient assignment.","2026-10-08 10:45:06"
589,614,79,2026-10-21,15:00:00,pending,"Scheduled by administrator for patient assignment.","2026-10-08 10:45:06"
590,615,80,2026-10-21,15:30:00,pending,"Scheduled by administrator for patient assignment.","2026-10-08 10:45:06"
591,616,81,2026-10-21,16:00:00,pending,"Scheduled by administrator for patient assignment.","2026-10-08 10:45:06"
592,617,82,2026-10-21,16:30:00,pending,"Scheduled by administrator for patient assignment.","2026-10-08 10:45:06"
593,618,83,2026-10-21,17:00:00,pending,"Scheduled by administrator for patient assignment.","2026-10-08 10:45:06"
594,619,84,2026-10-21,17:30:00,pending,"Scheduled by administrator for patient assignment.","2026-10-08 10:45:06"
595,620,85,2026-10-21,18:00:00,pending,"Scheduled by administrator for patient assignment.","2026-10-08 10:45:06"
596,621,86,2026-10-21,18:30:00,pending,"Scheduled by administrator for patient assignment.","2026-10-08 10:45:06"
597,622,87,2026-10-21,19:00:00,pending,"Scheduled by administrator for patient assignment.","2026-10-08 10:45:06"
598,623,88,2026-10-21,19:30:00,pending,"Scheduled by administrator for patient assignment.","2026-10-08 10:45:06"
599,624,89,2026-10-21,20:00:00,pending,"Scheduled by administrator for patient assignment.","2026-10-08 10:45:06"
600,625,90,2026-10-21,20:30:00,pending,"Scheduled by administrator for patient assignment.","2026-10-08 10:45:06"
601,626,91,2026-10-21,21:00:00,pending,"Scheduled by administrator for patient assignment.","2026-10-08 10:45:06"
602,627,92,2026-10-21,21:30:00,pending,"Scheduled by administrator for patient assignment.","2026-10-08 10:45:06"
603,628,93,2026-10-21,22:00:00,pending,"Scheduled by administrator for patient assignment.","2026-10-08 10:45:06"
604,629,94,2026-10-21,22:30:00,pending,"Scheduled by administrator for patient assignment.","2026-10-08 10:45:06"
605,630,95,2026-10-21,23:00:00,pending,"Scheduled by administrator for patient assignment.","2026-10-08 10:45:06"
606,631,96,2026-10-21,23:30:00,pending,"Scheduled by administrator for patient assignment.","2026-10-08 10:45:06"
607,632,97,2026-10-22,00:00:00,pending,"Scheduled by administrator for patient assignment.","2026-10-08 10:45:06"
608,633,98,2026-10-22,00:30:00,pending,"Scheduled by administrator for patient assignment.","2026-10-08 10:45:06"
609,634,99,2026-10-22,01:00:00,pending,"Scheduled by administrator for patient assignment.","2026-10-08 10:45:06"
610,635,100,2026-10-22,01:30:00,pending,"Scheduled by administrator for patient assignment.","2026-10-08 10:45:06"
611,636,101,2026-10-22,02:00:00,pending,"Scheduled by administrator for patient assignment.","2026-10-08 10:45:06"
612,637,102,2026-10-22,02:30:00,pending,"Scheduled by administrator for patient assignment.","2026-10-08 10:45:06"
613,638,1,2026-10-22,03:00:00,pending,"Scheduled by administrator for patient assignment.","2026-10-08 10:45:06"
614,639,2,2026-10-22,03:30:00,pending,"Scheduled by administrator for patient assignment.","2026-10-08 10:45:06"
615,640,3,2026-10-22,04:00:00,pending,"Scheduled by administrator for patient assignment.","2026-10-08 10:45:06"
616,641,4,2026-10-22,04:30:00,pending,"Scheduled by administrator for patient assignment.","2026-10-08 10:45:06"
617,642,5,2026-10-22,05:00:00,pending,"Scheduled by administrator for patient assignment.","2026-10-08 10:45:06"
618,643,6,2026-10-22,05:30:00,pending,"Scheduled by administrator for patient assignment.","2026-10-08 10:45:06"
619,644,7,2026-10-22,06:00:00,pending,"Scheduled by administrator for patient assignment.","2026-10-08 10:45:06"
620,645,8,2026-10-22,06:30:00,pending,"Scheduled by administrator for patient assignment.","2026-10-08 10:45:06"
621,646,9,2026-10-22,07:00:00,pending,"Scheduled by administrator for patient assignment.","2026-10-08 10:45:06"
622,647,10,2026-10-22,07:30:00,pending,"Scheduled by administrator for patient assignment.","2026-10-08 10:45:06"
623,648,11,2026-10-22,08:00:00,pending,"Scheduled by administrator for patient assignment.","2026-10-08 10:45:06"
624,649,12,2026-10-22,08:30:00,pending,"Scheduled by administrator for patient assignment.","2026-10-08 10:45:06"
625,650,13,2026-10-22,09:00:00,pending,"Scheduled by administrator for patient assignment.","2026-10-08 10:45:06"
626,651,14,2026-10-22,09:30:00,pending,"Scheduled by administrator for patient assignment.","2026-10-08 10:45:06"
627,652,15,2026-10-22,10:00:00,pending,"Scheduled by administrator for patient assignment.","2026-10-08 10:45:06"
628,653,16,2026-10-22,10:30:00,pending,"Scheduled by administrator for patient assignment.","2026-10-08 10:45:06"
629,654,17,2026-10-22,11:00:00,pending,"Scheduled by administrator for patient assignment.","2026-10-08 10:45:06"
630,655,18,2026-10-22,11:30:00,pending,"Scheduled by administrator for patient assignment.","2026-10-08 10:45:06"
631,656,19,2026-10-22,12:00:00,pending,"Scheduled by administrator for patient assignment.","2026-10-08 10:45:06"
632,657,20,2026-10-22,12:30:00,pending,"Scheduled by administrator for patient assignment.","2026-10-08 10:45:06"
633,658,21,2026-10-22,13:00:00,pending,"Scheduled by administrator for patient assignment.","2026-10-08 10:45:06"
634,659,22,2026-10-22,13:30:00,pending,"Scheduled by administrator for patient assignment.","2026-10-08 10:45:06"
635,660,23,2026-10-22,14:00:00,pending,"Scheduled by administrator for patient assignment.","2026-10-08 10:45:06"
636,661,24,2026-10-22,14:30:00,pending,"Scheduled by administrator for patient assignment.","2026-10-08 10:45:06"
637,662,25,2026-10-22,15:00:00,pending,"Scheduled by administrator for patient assignment.","2026-10-08 10:45:06"
638,663,26,2026-10-22,15:30:00,pending,"Scheduled by administrator for patient assignment.","2026-10-08 10:45:06"
639,664,27,2026-10-22,16:00:00,pending,"Scheduled by administrator for patient assignment.","2026-10-08 10:45:06"
640,665,28,2026-10-22,16:30:00,pending,"Scheduled by administrator for patient assignment.","2026-10-08 10:45:06"
641,666,29,2026-10-22,17:00:00,pending,"Scheduled by administrator for patient assignment.","2026-10-08 10:45:06"
642,667,30,2026-10-22,17:30:00,pending,"Scheduled by administrator for patient assignment.","2026-10-08 10:45:06"
643,668,31,2026-10-22,18:00:00,pending,"Scheduled by administrator for patient assignment.","2026-10-08 10:45:06"
644,669,32,2026-10-22,18:30:00,pending,"Scheduled by administrator for patient assignment.","2026-10-08 10:45:06"
645,670,33,2026-10-22,19:00:00,pending,"Scheduled by administrator for patient assignment.","2026-10-08 10:45:06"
646,671,34,2026-10-22,19:30:00,pending,"Scheduled by administrator for patient assignment.","2026-10-08 10:45:06"
647,672,35,2026-10-22,20:00:00,pending,"Scheduled by administrator for patient assignment.","2026-10-08 10:45:06"
648,673,36,2026-10-22,20:30:00,pending,"Scheduled by administrator for patient assignment.","2026-10-08 10:45:06"
649,674,37,2026-10-22,21:00:00,pending,"Scheduled by administrator for patient assignment.","2026-10-08 10:45:06"
650,675,38,2026-10-22,21:30:00,pending,"Scheduled by administrator for patient assignment.","2026-10-08 10:45:06"
651,676,39,2026-10-22,22:00:00,pending,"Scheduled by administrator for patient assignment.","2026-10-08 10:45:06"
652,677,40,2026-10-22,22:30:00,pending,"Scheduled by administrator for patient assignment.","2026-10-08 10:45:06"
653,678,41,2026-10-22,23:00:00,pending,"Scheduled by administrator for patient assignment.","2026-10-08 10:45:06"
654,679,42,2026-10-22,23:30:00,pending,"Scheduled by administrator for patient assignment.","2026-10-08 10:45:06"
655,680,43,2026-10-23,00:00:00,pending,"Scheduled by administrator for patient assignment.","2026-10-08 10:45:06"
656,681,44,2026-10-23,00:30:00,pending,"Scheduled by administrator for patient assignment.","2026-10-08 10:45:06"
657,682,45,2026-10-23,01:00:00,pending,"Scheduled by administrator for patient assignment.","2026-10-08 10:45:06"
658,683,46,2026-10-23,01:30:00,pending,"Scheduled by administrator for patient assignment.","2026-10-08 10:45:06"
659,684,47,2026-10-23,02:00:00,pending,"Scheduled by administrator for patient assignment.","2026-10-08 10:45:06"
660,685,48,2026-10-23,02:30:00,pending,"Scheduled by administrator for patient assignment.","2026-10-08 10:45:06"
661,686,49,2026-10-23,03:00:00,pending,"Scheduled by administrator for patient assignment.","2026-10-08 10:45:06"
662,687,50,2026-10-23,03:30:00,pending,"Scheduled by administrator for patient assignment.","2026-10-08 10:45:06"
663,688,51,2026-10-23,04:00:00,pending,"Scheduled by administrator for patient assignment.","2026-10-08 10:45:06"
664,689,52,2026-10-23,04:30:00,pending,"Scheduled by administrator for patient assignment.","2026-10-08 10:45:06"
665,690,53,2026-10-23,05:00:00,pending,"Scheduled by administrator for patient assignment.","2026-10-08 10:45:06"
666,691,54,2026-10-23,05:30:00,pending,"Scheduled by administrator for patient assignment.","2026-10-08 10:45:06"
667,692,55,2026-10-23,06:00:00,pending,"Scheduled by administrator for patient assignment.","2026-10-08 10:45:06"
668,693,56,2026-10-23,06:30:00,pending,"Scheduled by administrator for patient assignment.","2026-10-08 10:45:06"
669,694,57,2026-10-23,07:00:00,pending,"Scheduled by administrator for patient assignment.","2026-10-08 10:45:06"
670,695,58,2026-10-23,07:30:00,pending,"Scheduled by administrator for patient assignment.","2026-10-08 10:45:06"
671,696,59,2026-10-23,08:00:00,pending,"Scheduled by administrator for patient assignment.","2026-10-08 10:45:06"
672,697,60,2026-10-23,08:30:00,pending,"Scheduled by administrator for patient assignment.","2026-10-08 10:45:06"
673,698,61,2026-10-23,09:00:00,pending,"Scheduled by administrator for patient assignment.","2026-10-08 10:45:06"
674,699,62,2026-10-23,09:30:00,pending,"Scheduled by administrator for patient assignment.","2026-10-08 10:45:06"
675,700,63,2026-10-23,10:00:00,pending,"Scheduled by administrator for patient assignment.","2026-10-08 10:45:06"
676,701,64,2026-10-23,10:30:00,pending,"Scheduled by administrator for patient assignment.","2026-10-08 10:45:06"
677,702,65,2026-10-23,11:00:00,pending,"Scheduled by administrator for patient assignment.","2026-10-08 10:45:06"
678,703,66,2026-10-23,11:30:00,pending,"Scheduled by administrator for patient assignment.","2026-10-08 10:45:06"
679,704,67,2026-10-23,12:00:00,pending,"Scheduled by administrator for patient assignment.","2026-10-08 10:45:06"
680,705,68,2026-10-23,12:30:00,pending,"Scheduled by administrator for patient assignment.","2026-10-08 10:45:06"
681,706,69,2026-10-23,13:00:00,pending,"Scheduled by administrator for patient assignment.","2026-10-08 10:45:06"
682,707,70,2026-10-23,13:30:00,pending,"Scheduled by administrator for patient assignment.","2026-10-08 10:45:06"
683,708,71,2026-10-23,14:00:00,pending,"Scheduled by administrator for patient assignment.","2026-10-08 10:45:06"
684,709,72,2026-10-23,14:30:00,pending,"Scheduled by administrator for patient assignment.","2026-10-08 10:45:06"
685,710,73,2026-10-23,15:00:00,pending,"Scheduled by administrator for patient assignment.","2026-10-08 10:45:06"
686,711,74,2026-10-23,15:30:00,pending,"Scheduled by administrator for patient assignment.","2026-10-08 10:45:06"
687,712,75,2026-10-23,16:00:00,pending,"Scheduled by administrator for patient assignment.","2026-10-08 10:45:06"
688,713,76,2026-10-23,16:30:00,pending,"Scheduled by administrator for patient assignment.","2026-10-08 10:45:06"
689,714,77,2026-10-23,17:00:00,pending,"Scheduled by administrator for patient assignment.","2026-10-08 10:45:06"
690,715,78,2026-10-23,17:30:00,pending,"Scheduled by administrator for patient assignment.","2026-10-08 10:45:06"
691,716,79,2026-10-23,18:00:00,pending,"Scheduled by administrator for patient assignment.","2026-10-08 10:45:06"
692,717,80,2026-10-23,18:30:00,pending,"Scheduled by administrator for patient assignment.","2026-10-08 10:45:06"
693,718,81,2026-10-23,19:00:00,pending,"Scheduled by administrator for patient assignment.","2026-10-08 10:45:06"
694,719,82,2026-10-23,19:30:00,pending,"Scheduled by administrator for patient assignment.","2026-10-08 10:45:06"
695,720,83,2026-10-23,20:00:00,pending,"Scheduled by administrator for patient assignment.","2026-10-08 10:45:06"
696,721,84,2026-10-23,20:30:00,pending,"Scheduled by administrator for patient assignment.","2026-10-08 10:45:06"
697,722,85,2026-10-23,21:00:00,pending,"Scheduled by administrator for patient assignment.","2026-10-08 10:45:06"
698,723,86,2026-10-23,21:30:00,pending,"Scheduled by administrator for patient assignment.","2026-10-08 10:45:06"
699,724,87,2026-10-23,22:00:00,pending,"Scheduled by administrator for patient assignment.","2026-10-08 10:45:06"
700,725,88,2026-10-23,22:30:00,pending,"Scheduled by administrator for patient assignment.","2026-10-08 10:45:06"
701,726,89,2026-10-23,23:00:00,pending,"Scheduled by administrator for patient assignment.","2026-10-08 10:45:06"
702,727,90,2026-10-23,23:30:00,pending,"Scheduled by administrator for patient assignment.","2026-10-08 10:45:06"
703,728,91,2026-10-24,00:00:00,pending,"Scheduled by administrator for patient assignment.","2026-10-08 10:45:06"
704,729,92,2026-10-24,00:30:00,pending,"Scheduled by administrator for patient assignment.","2026-10-08 10:45:06"
705,730,93,2026-10-24,01:00:00,pending,"Scheduled by administrator for patient assignment.","2026-10-08 10:45:06"
706,731,94,2026-10-24,01:30:00,pending,"Scheduled by administrator for patient assignment.","2026-10-08 10:45:06"
707,732,95,2026-10-24,02:00:00,pending,"Scheduled by administrator for patient assignment.","2026-10-08 10:45:06"
708,733,96,2026-10-24,02:30:00,pending,"Scheduled by administrator for patient assignment.","2026-10-08 10:45:06"
709,734,97,2026-10-24,03:00:00,pending,"Scheduled by administrator for patient assignment.","2026-10-08 10:45:06"
710,735,98,2026-10-24,03:30:00,pending,"Scheduled by administrator for patient assignment.","2026-10-08 10:45:06"
711,736,99,2026-10-24,04:00:00,pending,"Scheduled by administrator for patient assignment.","2026-10-08 10:45:06"
712,737,100,2026-10-24,04:30:00,pending,"Scheduled by administrator for patient assignment.","2026-10-08 10:45:06"
713,738,101,2026-10-24,05:00:00,pending,"Scheduled by administrator for patient assignment.","2026-10-08 10:45:06"
714,739,102,2026-10-24,05:30:00,pending,"Scheduled by administrator for patient assignment.","2026-10-08 10:45:06"
715,740,1,2026-10-24,06:00:00,pending,"Scheduled by administrator for patient assignment.","2026-10-08 10:45:06"
716,741,2,2026-10-24,06:30:00,pending,"Scheduled by administrator for patient assignment.","2026-10-08 10:45:06"
717,742,3,2026-10-24,07:00:00,pending,"Scheduled by administrator for patient assignment.","2026-10-08 10:45:06"
718,743,4,2026-10-24,07:30:00,pending,"Scheduled by administrator for patient assignment.","2026-10-08 10:45:06"
719,744,5,2026-10-24,08:00:00,pending,"Scheduled by administrator for patient assignment.","2026-10-08 10:45:06"
720,745,6,2026-10-24,08:30:00,pending,"Scheduled by administrator for patient assignment.","2026-10-08 10:45:06"
721,746,7,2026-10-24,09:00:00,pending,"Scheduled by administrator for patient assignment.","2026-10-08 10:45:06"
722,747,8,2026-10-24,09:30:00,pending,"Scheduled by administrator for patient assignment.","2026-10-08 10:45:06"
723,748,9,2026-10-24,10:00:00,pending,"Scheduled by administrator for patient assignment.","2026-10-08 10:45:06"
724,749,10,2026-10-24,10:30:00,pending,"Scheduled by administrator for patient assignment.","2026-10-08 10:45:06"
725,750,11,2026-10-24,11:00:00,pending,"Scheduled by administrator for patient assignment.","2026-10-08 10:45:06"
726,751,12,2026-10-24,11:30:00,pending,"Scheduled by administrator for patient assignment.","2026-10-08 10:45:06"
727,752,13,2026-10-24,12:00:00,pending,"Scheduled by administrator for patient assignment.","2026-10-08 10:45:06"
728,753,14,2026-10-24,12:30:00,pending,"Scheduled by administrator for patient assignment.","2026-10-08 10:45:06"
729,754,15,2026-10-24,13:00:00,pending,"Scheduled by administrator for patient assignment.","2026-10-08 10:45:06"
730,755,16,2026-10-24,13:30:00,pending,"Scheduled by administrator for patient assignment.","2026-10-08 10:45:06"
731,756,17,2026-10-24,14:00:00,pending,"Scheduled by administrator for patient assignment.","2026-10-08 10:45:06"
732,757,18,2026-10-24,14:30:00,pending,"Scheduled by administrator for patient assignment.","2026-10-08 10:45:06"
733,758,19,2026-10-24,15:00:00,pending,"Scheduled by administrator for patient assignment.","2026-10-08 10:45:06"
734,759,20,2026-10-24,15:30:00,pending,"Scheduled by administrator for patient assignment.","2026-10-08 10:45:06"
735,760,21,2026-10-24,16:00:00,pending,"Scheduled by administrator for patient assignment.","2026-10-08 10:45:06"
736,761,22,2026-10-24,16:30:00,pending,"Scheduled by administrator for patient assignment.","2026-10-08 10:45:06"
737,762,23,2026-10-24,17:00:00,pending,"Scheduled by administrator for patient assignment.","2026-10-08 10:45:06"
738,763,24,2026-10-24,17:30:00,pending,"Scheduled by administrator for patient assignment.","2026-10-08 10:45:06"
739,764,25,2026-10-24,18:00:00,pending,"Scheduled by administrator for patient assignment.","2026-10-08 10:45:06"
740,765,26,2026-10-24,18:30:00,pending,"Scheduled by administrator for patient assignment.","2026-10-08 10:45:06"
741,766,27,2026-10-24,19:00:00,pending,"Scheduled by administrator for patient assignment.","2026-10-08 10:45:06"
742,767,28,2026-10-24,19:30:00,pending,"Scheduled by administrator for patient assignment.","2026-10-08 10:45:06"
743,768,29,2026-10-24,20:00:00,pending,"Scheduled by administrator for patient assignment.","2026-10-08 10:45:06"
744,769,30,2026-10-24,20:30:00,pending,"Scheduled by administrator for patient assignment.","2026-10-08 10:45:06"
745,770,31,2026-10-24,21:00:00,pending,"Scheduled by administrator for patient assignment.","2026-10-08 10:45:06"
746,771,32,2026-10-24,21:30:00,pending,"Scheduled by administrator for patient assignment.","2026-10-08 10:45:06"
747,772,33,2026-10-24,22:00:00,pending,"Scheduled by administrator for patient assignment.","2026-10-08 10:45:06"
748,773,34,2026-10-24,22:30:00,pending,"Scheduled by administrator for patient assignment.","2026-10-08 10:45:06"
749,774,35,2026-10-24,23:00:00,pending,"Scheduled by administrator for patient assignment.","2026-10-08 10:45:06"
750,775,36,2026-10-24,23:30:00,pending,"Scheduled by administrator for patient assignment.","2026-10-08 10:45:06"
751,776,37,2026-10-25,00:00:00,pending,"Scheduled by administrator for patient assignment.","2026-10-08 10:45:06"
752,777,38,2026-10-25,00:30:00,pending,"Scheduled by administrator for patient assignment.","2026-10-08 10:45:06"
753,778,39,2026-10-25,01:00:00,pending,"Scheduled by administrator for patient assignment.","2026-10-08 10:45:06"
754,779,40,2026-10-25,01:30:00,pending,"Scheduled by administrator for patient assignment.","2026-10-08 10:45:06"
755,780,41,2026-10-25,02:00:00,pending,"Scheduled by administrator for patient assignment.","2026-10-08 10:45:06"
756,781,42,2026-10-25,02:30:00,pending,"Scheduled by administrator for patient assignment.","2026-10-08 10:45:06"
757,782,43,2026-10-25,03:00:00,pending,"Scheduled by administrator for patient assignment.","2026-10-08 10:45:06"
758,783,44,2026-10-25,03:30:00,pending,"Scheduled by administrator for patient assignment.","2026-10-08 10:45:06"
759,784,45,2026-10-25,04:00:00,pending,"Scheduled by administrator for patient assignment.","2026-10-08 10:45:06"
760,785,46,2026-10-25,04:30:00,pending,"Scheduled by administrator for patient assignment.","2026-10-08 10:45:06"
761,786,47,2026-10-25,05:00:00,pending,"Scheduled by administrator for patient assignment.","2026-10-08 10:45:06"
762,787,48,2026-10-25,05:30:00,pending,"Scheduled by administrator for patient assignment.","2026-10-08 10:45:06"
763,788,49,2026-10-25,06:00:00,pending,"Scheduled by administrator for patient assignment.","2026-10-08 10:45:06"
764,789,50,2026-10-25,06:30:00,pending,"Scheduled by administrator for patient assignment.","2026-10-08 10:45:06"
765,790,51,2026-10-25,07:00:00,pending,"Scheduled by administrator for patient assignment.","2026-10-08 10:45:06"
766,791,52,2026-10-25,07:30:00,pending,"Scheduled by administrator for patient assignment.","2026-10-08 10:45:06"
767,792,53,2026-10-25,08:00:00,pending,"Scheduled by administrator for patient assignment.","2026-10-08 10:45:06"
768,793,54,2026-10-25,08:30:00,pending,"Scheduled by administrator for patient assignment.","2026-10-08 10:45:06"
769,794,55,2026-10-25,09:00:00,pending,"Scheduled by administrator for patient assignment.","2026-10-08 10:45:06"
770,795,56,2026-10-25,09:30:00,pending,"Scheduled by administrator for patient assignment.","2026-10-08 10:45:06"
771,796,57,2026-10-25,10:00:00,pending,"Scheduled by administrator for patient assignment.","2026-10-08 10:45:06"
772,797,58,2026-10-25,10:30:00,pending,"Scheduled by administrator for patient assignment.","2026-10-08 10:45:06"
773,798,59,2026-10-25,11:00:00,pending,"Scheduled by administrator for patient assignment.","2026-10-08 10:45:06"
774,799,60,2026-10-25,11:30:00,pending,"Scheduled by administrator for patient assignment.","2026-10-08 10:45:06"
775,800,61,2026-10-25,12:00:00,pending,"Scheduled by administrator for patient assignment.","2026-10-08 10:45:06"
776,801,62,2026-10-25,12:30:00,pending,"Scheduled by administrator for patient assignment.","2026-10-08 10:45:06"
777,802,63,2026-10-25,13:00:00,pending,"Scheduled by administrator for patient assignment.","2026-10-08 10:45:06"
778,803,64,2026-10-25,13:30:00,pending,"Scheduled by administrator for patient assignment.","2026-10-08 10:45:06"
779,804,65,2026-10-25,14:00:00,pending,"Scheduled by administrator for patient assignment.","2026-10-08 10:45:06"
780,805,66,2026-10-25,14:30:00,pending,"Scheduled by administrator for patient assignment.","2026-10-08 10:45:06"
781,806,67,2026-10-25,15:00:00,pending,"Scheduled by administrator for patient assignment.","2026-10-08 10:45:06"
782,807,68,2026-10-25,15:30:00,pending,"Scheduled by administrator for patient assignment.","2026-10-08 10:45:06"
783,808,69,2026-10-25,16:00:00,pending,"Scheduled by administrator for patient assignment.","2026-10-08 10:45:06"
784,809,70,2026-10-25,16:30:00,pending,"Scheduled by administrator for patient assignment.","2026-10-08 10:45:06"
785,810,71,2026-10-25,17:00:00,pending,"Scheduled by administrator for patient assignment.","2026-10-08 10:45:06"
786,811,72,2026-10-25,17:30:00,pending,"Scheduled by administrator for patient assignment.","2026-10-08 10:45:06"
787,812,73,2026-10-25,18:00:00,pending,"Scheduled by administrator for patient assignment.","2026-10-08 10:45:06"
788,813,74,2026-10-25,18:30:00,pending,"Scheduled by administrator for patient assignment.","2026-10-08 10:45:06"
789,814,75,2026-10-25,19:00:00,pending,"Scheduled by administrator for patient assignment.","2026-10-08 10:45:06"
790,815,76,2026-10-25,19:30:00,pending,"Scheduled by administrator for patient assignment.","2026-10-08 10:45:06"
791,816,77,2026-10-25,20:00:00,pending,"Scheduled by administrator for patient assignment.","2026-10-08 10:45:06"
792,817,78,2026-10-25,20:30:00,pending,"Scheduled by administrator for patient assignment.","2026-10-08 10:45:06"
793,818,79,2026-10-25,21:00:00,pending,"Scheduled by administrator for patient assignment.","2026-10-08 10:45:06"
794,819,80,2026-10-25,21:30:00,pending,"Scheduled by administrator for patient assignment.","2026-10-08 10:45:06"
795,820,81,2026-10-25,22:00:00,pending,"Scheduled by administrator for patient assignment.","2026-10-08 10:45:06"
796,821,82,2026-10-25,22:30:00,pending,"Scheduled by administrator for patient assignment.","2026-10-08 10:45:06"
797,822,83,2026-10-25,23:00:00,pending,"Scheduled by administrator for patient assignment.","2026-10-08 10:45:06"
798,823,84,2026-10-25,23:30:00,pending,"Scheduled by administrator for patient assignment.","2026-10-08 10:45:06"
799,824,85,2026-10-26,00:00:00,pending,"Scheduled by administrator for patient assignment.","2026-10-08 10:45:06"
800,825,86,2026-10-26,00:30:00,pending,"Scheduled by administrator for patient assignment.","2026-10-08 10:45:06"
801,826,87,2026-10-26,01:00:00,pending,"Scheduled by administrator for patient assignment.","2026-10-08 10:45:06"
802,827,88,2026-10-26,01:30:00,pending,"Scheduled by administrator for patient assignment.","2026-10-08 10:45:06"
803,828,89,2026-10-26,02:00:00,pending,"Scheduled by administrator for patient assignment.","2026-10-08 10:45:06"
804,829,90,2026-10-26,02:30:00,pending,"Scheduled by administrator for patient assignment.","2026-10-08 10:45:06"
805,830,91,2026-10-26,03:00:00,pending,"Scheduled by administrator for patient assignment.","2026-10-08 10:45:06"
806,831,92,2026-10-26,03:30:00,pending,"Scheduled by administrator for patient assignment.","2026-10-08 10:45:06"
807,832,93,2026-10-26,04:00:00,pending,"Scheduled by administrator for patient assignment.","2026-10-08 10:45:06"
808,833,94,2026-10-26,04:30:00,pending,"Scheduled by administrator for patient assignment.","2026-10-08 10:45:06"
809,834,95,2026-10-26,05:00:00,pending,"Scheduled by administrator for patient assignment.","2026-10-08 10:45:06"
810,835,96,2026-10-26,05:30:00,pending,"Scheduled by administrator for patient assignment.","2026-10-08 10:45:06"
811,836,97,2026-10-26,06:00:00,pending,"Scheduled by administrator for patient assignment.","2026-10-08 10:45:06"
812,837,98,2026-10-26,06:30:00,pending,"Scheduled by administrator for patient assignment.","2026-10-08 10:45:06"
813,838,99,2026-10-26,07:00:00,pending,"Scheduled by administrator for patient assignment.","2026-10-08 10:45:06"
814,839,100,2026-10-26,07:30:00,pending,"Scheduled by administrator for patient assignment.","2026-10-08 10:45:06"
815,840,101,2026-10-26,08:00:00,pending,"Scheduled by administrator for patient assignment.","2026-10-08 10:45:06"
816,841,102,2026-10-26,08:30:00,pending,"Scheduled by administrator for patient assignment.","2026-10-08 10:45:06"
817,842,1,2026-10-26,09:00:00,pending,"Scheduled by administrator for patient assignment.","2026-10-08 10:45:06"
818,843,2,2026-10-26,09:30:00,pending,"Scheduled by administrator for patient assignment.","2026-10-08 10:45:06"
819,844,3,2026-10-26,10:00:00,pending,"Scheduled by administrator for patient assignment.","2026-10-08 10:45:06"
820,845,4,2026-10-26,10:30:00,pending,"Scheduled by administrator for patient assignment.","2026-10-08 10:45:06"
821,846,5,2026-10-26,11:00:00,pending,"Scheduled by administrator for patient assignment.","2026-10-08 10:45:06"
822,847,6,2026-10-26,11:30:00,pending,"Scheduled by administrator for patient assignment.","2026-10-08 10:45:06"
823,848,7,2026-10-26,12:00:00,pending,"Scheduled by administrator for patient assignment.","2026-10-08 10:45:06"
824,849,8,2026-10-26,12:30:00,pending,"Scheduled by administrator for patient assignment.","2026-10-08 10:45:06"
825,850,9,2026-10-26,13:00:00,pending,"Scheduled by administrator for patient assignment.","2026-10-08 10:45:06"
826,851,10,2026-10-26,13:30:00,pending,"Scheduled by administrator for patient assignment.","2026-10-08 10:45:06"
827,852,11,2026-10-26,14:00:00,pending,"Scheduled by administrator for patient assignment.","2026-10-08 10:45:06"
828,853,12,2026-10-26,14:30:00,pending,"Scheduled by administrator for patient assignment.","2026-10-08 10:45:06"
829,854,13,2026-10-26,15:00:00,pending,"Scheduled by administrator for patient assignment.","2026-10-08 10:45:06"
830,855,14,2026-10-26,15:30:00,pending,"Scheduled by administrator for patient assignment.","2026-10-08 10:45:06"
831,856,15,2026-10-26,16:00:00,pending,"Scheduled by administrator for patient assignment.","2026-10-08 10:45:06"
832,857,16,2026-10-26,16:30:00,pending,"Scheduled by administrator for patient assignment.","2026-10-08 10:45:06"
833,858,17,2026-10-26,17:00:00,pending,"Scheduled by administrator for patient assignment.","2026-10-08 10:45:06"
834,859,18,2026-10-26,17:30:00,pending,"Scheduled by administrator for patient assignment.","2026-10-08 10:45:06"
835,860,19,2026-10-26,18:00:00,pending,"Scheduled by administrator for patient assignment.","2026-10-08 10:45:06"
836,861,20,2026-10-26,18:30:00,pending,"Scheduled by administrator for patient assignment.","2026-10-08 10:45:06"
837,862,21,2026-10-26,19:00:00,pending,"Scheduled by administrator for patient assignment.","2026-10-08 10:45:06"
838,863,22,2026-10-26,19:30:00,pending,"Scheduled by administrator for patient assignment.","2026-10-08 10:45:06"
839,864,23,2026-10-26,20:00:00,pending,"Scheduled by administrator for patient assignment.","2026-10-08 10:45:06"
840,865,24,2026-10-26,20:30:00,pending,"Scheduled by administrator for patient assignment.","2026-10-08 10:45:06"
841,866,25,2026-10-26,21:00:00,pending,"Scheduled by administrator for patient assignment.","2026-10-08 10:45:06"
842,867,26,2026-10-26,21:30:00,pending,"Scheduled by administrator for patient assignment.","2026-10-08 10:45:06"
843,868,27,2026-10-26,22:00:00,pending,"Scheduled by administrator for patient assignment.","2026-10-08 10:45:06"
844,869,28,2026-10-26,22:30:00,pending,"Scheduled by administrator for patient assignment.","2026-10-08 10:45:06"
845,870,29,2026-10-26,23:00:00,pending,"Scheduled by administrator for patient assignment.","2026-10-08 10:45:06"
846,871,30,2026-10-26,23:30:00,pending,"Scheduled by administrator for patient assignment.","2026-10-08 10:45:06"
847,872,31,2026-10-27,00:00:00,pending,"Scheduled by administrator for patient assignment.","2026-10-08 10:45:06"
848,873,32,2026-10-27,00:30:00,pending,"Scheduled by administrator for patient assignment.","2026-10-08 10:45:06"
849,874,33,2026-10-27,01:00:00,pending,"Scheduled by administrator for patient assignment.","2026-10-08 10:45:06"
850,875,34,2026-10-27,01:30:00,pending,"Scheduled by administrator for patient assignment.","2026-10-08 10:45:06"
851,876,35,2026-10-27,02:00:00,pending,"Scheduled by administrator for patient assignment.","2026-10-08 10:45:06"
852,877,36,2026-10-27,02:30:00,pending,"Scheduled by administrator for patient assignment.","2026-10-08 10:45:06"
853,878,37,2026-10-27,03:00:00,pending,"Scheduled by administrator for patient assignment.","2026-10-08 10:45:06"
854,879,38,2026-10-27,03:30:00,pending,"Scheduled by administrator for patient assignment.","2026-10-08 10:45:06"
855,880,39,2026-10-27,04:00:00,pending,"Scheduled by administrator for patient assignment.","2026-10-08 10:45:06"
856,881,40,2026-10-27,04:30:00,pending,"Scheduled by administrator for patient assignment.","2026-10-08 10:45:06"
857,882,41,2026-10-27,05:00:00,pending,"Scheduled by administrator for patient assignment.","2026-10-08 10:45:06"
858,883,42,2026-10-27,05:30:00,pending,"Scheduled by administrator for patient assignment.","2026-10-08 10:45:06"
859,884,43,2026-10-27,06:00:00,pending,"Scheduled by administrator for patient assignment.","2026-10-08 10:45:06"
860,885,44,2026-10-27,06:30:00,pending,"Scheduled by administrator for patient assignment.","2026-10-08 10:45:06"
861,886,45,2026-10-27,07:00:00,pending,"Scheduled by administrator for patient assignment.","2026-10-08 10:45:06"
862,887,46,2026-10-27,07:30:00,pending,"Scheduled by administrator for patient assignment.","2026-10-08 10:45:06"
863,888,47,2026-10-27,08:00:00,pending,"Scheduled by administrator for patient assignment.","2026-10-08 10:45:06"
864,889,48,2026-10-27,08:30:00,pending,"Scheduled by administrator for patient assignment.","2026-10-08 10:45:06"
865,890,49,2026-10-27,09:00:00,pending,"Scheduled by administrator for patient assignment.","2026-10-08 10:45:06"
866,891,50,2026-10-27,09:30:00,pending,"Scheduled by administrator for patient assignment.","2026-10-08 10:45:06"
867,892,51,2026-10-27,10:00:00,pending,"Scheduled by administrator for patient assignment.","2026-10-08 10:45:06"
868,893,52,2026-10-27,10:30:00,pending,"Scheduled by administrator for patient assignment.","2026-10-08 10:45:06"
869,894,53,2026-10-27,11:00:00,pending,"Scheduled by administrator for patient assignment.","2026-10-08 10:45:06"
870,895,54,2026-10-27,11:30:00,pending,"Scheduled by administrator for patient assignment.","2026-10-08 10:45:06"
871,896,55,2026-10-27,12:00:00,pending,"Scheduled by administrator for patient assignment.","2026-10-08 10:45:06"
872,897,56,2026-10-27,12:30:00,pending,"Scheduled by administrator for patient assignment.","2026-10-08 10:45:06"
873,898,57,2026-10-27,13:00:00,pending,"Scheduled by administrator for patient assignment.","2026-10-08 10:45:06"
874,899,58,2026-10-27,13:30:00,pending,"Scheduled by administrator for patient assignment.","2026-10-08 10:45:06"
875,900,59,2026-10-27,14:00:00,pending,"Scheduled by administrator for patient assignment.","2026-10-08 10:45:06"
876,901,60,2026-10-27,14:30:00,pending,"Scheduled by administrator for patient assignment.","2026-10-08 10:45:06"
877,902,61,2026-10-27,15:00:00,pending,"Scheduled by administrator for patient assignment.","2026-10-08 10:45:06"
878,903,62,2026-10-27,15:30:00,pending,"Scheduled by administrator for patient assignment.","2026-10-08 10:45:06"
879,904,63,2026-10-27,16:00:00,pending,"Scheduled by administrator for patient assignment.","2026-10-08 10:45:06"
880,905,64,2026-10-27,16:30:00,pending,"Scheduled by administrator for patient assignment.","2026-10-08 10:45:06"
881,906,65,2026-10-27,17:00:00,pending,"Scheduled by administrator for patient assignment.","2026-10-08 10:45:06"
882,907,66,2026-10-27,17:30:00,pending,"Scheduled by administrator for patient assignment.","2026-10-08 10:45:06"
883,908,67,2026-10-27,18:00:00,pending,"Scheduled by administrator for patient assignment.","2026-10-08 10:45:06"
884,909,68,2026-10-27,18:30:00,pending,"Scheduled by administrator for patient assignment.","2026-10-08 10:45:06"
885,910,69,2026-10-27,19:00:00,pending,"Scheduled by administrator for patient assignment.","2026-10-08 10:45:06"
886,911,70,2026-10-27,19:30:00,pending,"Scheduled by administrator for patient assignment.","2026-10-08 10:45:06"
887,912,71,2026-10-27,20:00:00,pending,"Scheduled by administrator for patient assignment.","2026-10-08 10:45:06"
888,913,72,2026-10-27,20:30:00,pending,"Scheduled by administrator for patient assignment.","2026-10-08 10:45:06"
889,914,73,2026-10-27,21:00:00,pending,"Scheduled by administrator for patient assignment.","2026-10-08 10:45:06"
890,915,74,2026-10-27,21:30:00,pending,"Scheduled by administrator for patient assignment.","2026-10-08 10:45:06"
891,916,75,2026-10-27,22:00:00,pending,"Scheduled by administrator for patient assignment.","2026-10-08 10:45:06"
892,917,76,2026-10-27,22:30:00,pending,"Scheduled by administrator for patient assignment.","2026-10-08 10:45:06"
893,918,77,2026-10-27,23:00:00,pending,"Scheduled by administrator for patient assignment.","2026-10-08 10:45:06"
894,919,78,2026-10-27,23:30:00,pending,"Scheduled by administrator for patient assignment.","2026-10-08 10:45:06"
895,920,79,2026-10-28,00:00:00,pending,"Scheduled by administrator for patient assignment.","2026-10-08 10:45:06"
896,921,80,2026-10-28,00:30:00,pending,"Scheduled by administrator for patient assignment.","2026-10-08 10:45:06"
897,922,81,2026-10-28,01:00:00,pending,"Scheduled by administrator for patient assignment.","2026-10-08 10:45:06"
898,923,82,2026-10-28,01:30:00,pending,"Scheduled by administrator for patient assignment.","2026-10-08 10:45:06"
899,924,83,2026-10-28,02:00:00,pending,"Scheduled by administrator for patient assignment.","2026-10-08 10:45:06"
900,925,84,2026-10-28,02:30:00,pending,"Scheduled by administrator for patient assignment.","2026-10-08 10:45:06"
901,926,85,2026-10-28,03:00:00,pending,"Scheduled by administrator for patient assignment.","2026-10-08 10:45:06"
902,927,86,2026-10-28,03:30:00,pending,"Scheduled by administrator for patient assignment.","2026-10-08 10:45:06"
903,928,87,2026-10-28,04:00:00,pending,"Scheduled by administrator for patient assignment.","2026-10-08 10:45:06"
904,929,88,2026-10-28,04:30:00,pending,"Scheduled by administrator for patient assignment.","2026-10-08 10:45:06"
905,930,89,2026-10-28,05:00:00,pending,"Scheduled by administrator for patient assignment.","2026-10-08 10:45:06"
906,931,90,2026-10-28,05:30:00,pending,"Scheduled by administrator for patient assignment.","2026-10-08 10:45:06"
907,932,91,2026-10-28,06:00:00,pending,"Scheduled by administrator for patient assignment.","2026-10-08 10:45:06"
908,933,92,2026-10-28,06:30:00,pending,"Scheduled by administrator for patient assignment.","2026-10-08 10:45:06"
909,934,93,2026-10-28,07:00:00,pending,"Scheduled by administrator for patient assignment.","2026-10-08 10:45:06"
910,935,94,2026-10-28,07:30:00,pending,"Scheduled by administrator for patient assignment.","2026-10-08 10:45:06"
911,936,95,2026-10-28,08:00:00,pending,"Scheduled by administrator for patient assignment.","2026-10-08 10:45:06"
912,937,96,2026-10-28,08:30:00,pending,"Scheduled by administrator for patient assignment.","2026-10-08 10:45:06"
913,938,97,2026-10-28,09:00:00,pending,"Scheduled by administrator for patient assignment.","2026-10-08 10:45:06"
914,939,98,2026-10-28,09:30:00,pending,"Scheduled by administrator for patient assignment.","2026-10-08 10:45:06"
915,940,99,2026-10-28,10:00:00,pending,"Scheduled by administrator for patient assignment.","2026-10-08 10:45:06"
916,941,100,2026-10-28,10:30:00,pending,"Scheduled by administrator for patient assignment.","2026-10-08 10:45:06"
917,942,101,2026-10-28,11:00:00,pending,"Scheduled by administrator for patient assignment.","2026-10-08 10:45:06"
918,943,102,2026-10-28,11:30:00,pending,"Scheduled by administrator for patient assignment.","2026-10-08 10:45:06"
919,944,1,2026-10-28,12:00:00,pending,"Scheduled by administrator for patient assignment.","2026-10-08 10:45:06"
920,945,2,2026-10-28,12:30:00,pending,"Scheduled by administrator for patient assignment.","2026-10-08 10:45:06"
921,946,3,2026-10-28,13:00:00,pending,"Scheduled by administrator for patient assignment.","2026-10-08 10:45:06"
922,947,4,2026-10-28,13:30:00,pending,"Scheduled by administrator for patient assignment.","2026-10-08 10:45:06"
923,948,5,2026-10-28,14:00:00,pending,"Scheduled by administrator for patient assignment.","2026-10-08 10:45:06"
924,949,6,2026-10-28,14:30:00,pending,"Scheduled by administrator for patient assignment.","2026-10-08 10:45:06"
925,950,7,2026-10-28,15:00:00,pending,"Scheduled by administrator for patient assignment.","2026-10-08 10:45:06"
926,951,8,2026-10-28,15:30:00,pending,"Scheduled by administrator for patient assignment.","2026-10-08 10:45:06"
927,952,9,2026-10-28,16:00:00,pending,"Scheduled by administrator for patient assignment.","2026-10-08 10:45:06"
928,953,10,2026-10-28,16:30:00,pending,"Scheduled by administrator for patient assignment.","2026-10-08 10:45:06"
929,954,11,2026-10-28,17:00:00,pending,"Scheduled by administrator for patient assignment.","2026-10-08 10:45:06"
930,955,12,2026-10-28,17:30:00,pending,"Scheduled by administrator for patient assignment.","2026-10-08 10:45:06"
931,956,13,2026-10-28,18:00:00,pending,"Scheduled by administrator for patient assignment.","2026-10-08 10:45:06"
932,957,14,2026-10-28,18:30:00,pending,"Scheduled by administrator for patient assignment.","2026-10-08 10:45:06"
933,958,15,2026-10-28,19:00:00,pending,"Scheduled by administrator for patient assignment.","2026-10-08 10:45:06"
934,959,16,2026-10-28,19:30:00,pending,"Scheduled by administrator for patient assignment.","2026-10-08 10:45:06"
935,960,17,2026-10-28,20:00:00,pending,"Scheduled by administrator for patient assignment.","2026-10-08 10:45:06"
936,961,18,2026-10-28,20:30:00,pending,"Scheduled by administrator for patient assignment.","2026-10-08 10:45:06"
937,962,19,2026-10-28,21:00:00,pending,"Scheduled by administrator for patient assignment.","2026-10-08 10:45:06"
938,963,20,2026-10-28,21:30:00,pending,"Scheduled by administrator for patient assignment.","2026-10-08 10:45:06"
939,964,21,2026-10-28,22:00:00,pending,"Scheduled by administrator for patient assignment.","2026-10-08 10:45:06"
940,965,22,2026-10-28,22:30:00,pending,"Scheduled by administrator for patient assignment.","2026-10-08 10:45:06"
941,966,23,2026-10-28,23:00:00,pending,"Scheduled by administrator for patient assignment.","2026-10-08 10:45:06"
942,967,24,2026-10-28,23:30:00,pending,"Scheduled by administrator for patient assignment.","2026-10-08 10:45:06"
943,968,25,2026-10-29,00:00:00,pending,"Scheduled by administrator for patient assignment.","2026-10-08 10:45:06"
944,969,26,2026-10-29,00:30:00,pending,"Scheduled by administrator for patient assignment.","2026-10-08 10:45:06"
945,970,27,2026-10-29,01:00:00,pending,"Scheduled by administrator for patient assignment.","2026-10-08 10:45:06"
946,971,28,2026-10-29,01:30:00,pending,"Scheduled by administrator for patient assignment.","2026-10-08 10:45:06"
947,972,29,2026-10-29,02:00:00,pending,"Scheduled by administrator for patient assignment.","2026-10-08 10:45:06"
948,973,30,2026-10-29,02:30:00,pending,"Scheduled by administrator for patient assignment.","2026-10-08 10:45:06"
949,974,31,2026-10-29,03:00:00,pending,"Scheduled by administrator for patient assignment.","2026-10-08 10:45:06"
950,975,32,2026-10-29,03:30:00,pending,"Scheduled by administrator for patient assignment.","2026-10-08 10:45:06"
951,976,33,2026-10-29,04:00:00,pending,"Scheduled by administrator for patient assignment.","2026-10-08 10:45:06"
952,977,34,2026-10-29,04:30:00,pending,"Scheduled by administrator for patient assignment.","2026-10-08 10:45:06"
953,978,35,2026-10-29,05:00:00,pending,"Scheduled by administrator for patient assignment.","2026-10-08 10:45:06"
954,979,36,2026-10-29,05:30:00,pending,"Scheduled by administrator for patient assignment.","2026-10-08 10:45:06"
955,980,37,2026-10-29,06:00:00,pending,"Scheduled by administrator for patient assignment.","2026-10-08 10:45:06"
956,981,38,2026-10-29,06:30:00,pending,"Scheduled by administrator for patient assignment.","2026-10-08 10:45:06"
957,982,39,2026-10-29,07:00:00,pending,"Scheduled by administrator for patient assignment.","2026-10-08 10:45:06"
958,983,40,2026-10-29,07:30:00,pending,"Scheduled by administrator for patient assignment.","2026-10-08 10:45:06"
959,984,41,2026-10-29,08:00:00,pending,"Scheduled by administrator for patient assignment.","2026-10-08 10:45:06"
960,985,42,2026-10-29,08:30:00,pending,"Scheduled by administrator for patient assignment.","2026-10-08 10:45:06"
961,986,43,2026-10-29,09:00:00,pending,"Scheduled by administrator for patient assignment.","2026-10-08 10:45:06"
962,987,44,2026-10-29,09:30:00,pending,"Scheduled by administrator for patient assignment.","2026-10-08 10:45:06"
963,988,45,2026-10-29,10:00:00,pending,"Scheduled by administrator for patient assignment.","2026-10-08 10:45:06"
964,989,46,2026-10-29,10:30:00,pending,"Scheduled by administrator for patient assignment.","2026-10-08 10:45:06"
965,990,47,2026-10-29,11:00:00,pending,"Scheduled by administrator for patient assignment.","2026-10-08 10:45:06"
966,991,48,2026-10-29,11:30:00,pending,"Scheduled by administrator for patient assignment.","2026-10-08 10:45:06"
967,992,49,2026-10-29,12:00:00,pending,"Scheduled by administrator for patient assignment.","2026-10-08 10:45:06"
968,993,50,2026-10-29,12:30:00,pending,"Scheduled by administrator for patient assignment.","2026-10-08 10:45:06"
969,994,51,2026-10-29,13:00:00,pending,"Scheduled by administrator for patient assignment.","2026-10-08 10:45:06"
970,995,52,2026-10-29,13:30:00,pending,"Scheduled by administrator for patient assignment.","2026-10-08 10:45:06"
971,996,53,2026-10-29,14:00:00,pending,"Scheduled by administrator for patient assignment.","2026-10-08 10:45:06"
972,997,54,2026-10-29,14:30:00,pending,"Scheduled by administrator for patient assignment.","2026-10-08 10:45:06"
973,998,55,2026-10-29,15:00:00,pending,"Scheduled by administrator for patient assignment.","2026-10-08 10:45:06"
974,999,56,2026-10-29,15:30:00,pending,"Scheduled by administrator for patient assignment.","2026-10-08 10:45:06"
975,1000,57,2026-10-29,16:00:00,pending,"Scheduled by administrator for patient assignment.","2026-10-08 10:45:06"
976,1001,58,2026-10-29,16:30:00,pending,"Scheduled by administrator for patient assignment.","2026-10-08 10:45:06"
977,1002,59,2026-10-29,17:00:00,pending,"Scheduled by administrator for patient assignment.","2026-10-08 10:45:06"
978,1003,60,2026-10-29,17:30:00,pending,"Scheduled by administrator for patient assignment.","2026-10-08 10:45:06"
979,1004,61,2026-10-29,18:00:00,pending,"Scheduled by administrator for patient assignment.","2026-10-08 10:45:06"
980,1005,62,2026-10-29,18:30:00,pending,"Scheduled by administrator for patient assignment.","2026-10-08 10:45:06"
981,1006,63,2026-10-29,19:00:00,pending,"Scheduled by administrator for patient assignment.","2026-10-08 10:45:06"
982,1007,64,2026-10-29,19:30:00,pending,"Scheduled by administrator for patient assignment.","2026-10-08 10:45:06"
983,1008,65,2026-10-29,20:00:00,pending,"Scheduled by administrator for patient assignment.","2026-10-08 10:45:06"
984,1009,66,2026-10-29,20:30:00,pending,"Scheduled by administrator for patient assignment.","2026-10-08 10:45:06"
985,1010,67,2026-10-29,21:00:00,pending,"Scheduled by administrator for patient assignment.","2026-10-08 10:45:06"
986,1011,68,2026-10-29,21:30:00,pending,"Scheduled by administrator for patient assignment.","2026-10-08 10:45:06"
987,1012,69,2026-10-29,22:00:00,pending,"Scheduled by administrator for patient assignment.","2026-10-08 10:45:06"
988,1013,70,2026-10-29,22:30:00,pending,"Scheduled by administrator for patient assignment.","2026-10-08 10:45:06"
989,1014,71,2026-10-29,23:00:00,pending,"Scheduled by administrator for patient assignment.","2026-10-08 10:45:06"
990,1015,72,2026-10-29,23:30:00,pending,"Scheduled by administrator for patient assignment.","2026-10-08 10:45:06"
991,1016,73,2026-10-30,00:00:00,pending,"Scheduled by administrator for patient assignment.","2026-10-08 10:45:06"
992,1017,74,2026-10-30,00:30:00,pending,"Scheduled by administrator for patient assignment.","2026-10-08 10:45:06"
993,1018,75,2026-10-30,01:00:00,pending,"Scheduled by administrator for patient assignment.","2026-10-08 10:45:06"
994,1019,76,2026-10-30,01:30:00,pending,"Scheduled by administrator for patient assignment.","2026-10-08 10:45:06"
995,1020,77,2026-10-30,02:00:00,pending,"Scheduled by administrator for patient assignment.","2026-10-08 10:45:06"
996,1021,78,2026-10-30,02:30:00,pending,"Scheduled by administrator for patient assignment.","2026-10-08 10:45:06"
997,1022,79,2026-10-30,03:00:00,pending,"Scheduled by administrator for patient assignment.","2026-10-08 10:45:06"
998,1023,80,2026-10-30,03:30:00,pending,"Scheduled by administrator for patient assignment.","2026-10-08 10:45:06"
999,1024,81,2026-10-30,04:00:00,pending,"Scheduled by administrator for patient assignment.","2026-10-08 10:45:06"
1000,1025,82,2026-10-30,04:30:00,pending,"Scheduled by administrator for patient assignment.","2026-10-08 10:45:06"
1001,1026,83,2026-10-30,05:00:00,pending,"Scheduled by administrator for patient assignment.","2026-10-08 10:45:06"
1002,1027,84,2026-10-30,05:30:00,pending,"Scheduled by administrator for patient assignment.","2026-10-08 10:45:06"
1003,1028,85,2026-10-30,06:00:00,pending,"Scheduled by administrator for patient assignment.","2026-10-08 10:45:06"
1004,1029,86,2026-10-30,06:30:00,pending,"Scheduled by administrator for patient assignment.","2026-10-08 10:45:06"
1005,1030,87,2026-10-30,07:00:00,pending,"Scheduled by administrator for patient assignment.","2026-10-08 10:45:06"
1006,1031,88,2026-10-30,07:30:00,pending,"Scheduled by administrator for patient assignment.","2026-10-08 10:45:06"
1007,1032,89,2026-10-30,08:00:00,pending,"Scheduled by administrator for patient assignment.","2026-10-08 10:45:06"
1008,1033,90,2026-10-30,08:30:00,pending,"Scheduled by administrator for patient assignment.","2026-10-08 10:45:06"
1009,1034,91,2026-10-30,09:00:00,pending,"Scheduled by administrator for patient assignment.","2026-10-08 10:45:06"
1010,1035,92,2026-10-30,09:30:00,pending,"Scheduled by administrator for patient assignment.","2026-10-08 10:45:06"
1011,1036,93,2026-10-30,10:00:00,pending,"Scheduled by administrator for patient assignment.","2026-10-08 10:45:06"
1012,1037,94,2026-10-30,10:30:00,pending,"Scheduled by administrator for patient assignment.","2026-10-08 10:45:06"
1013,1038,95,2026-10-30,11:00:00,pending,"Scheduled by administrator for patient assignment.","2026-10-08 10:45:06"
1014,1039,96,2026-10-30,11:30:00,pending,"Scheduled by administrator for patient assignment.","2026-10-08 10:45:06"
1015,1040,97,2026-10-30,12:00:00,pending,"Scheduled by administrator for patient assignment.","2026-10-08 10:45:06"
1016,1041,98,2026-10-30,12:30:00,pending,"Scheduled by administrator for patient assignment.","2026-10-08 10:45:06"
1017,1042,99,2026-10-30,13:00:00,pending,"Scheduled by administrator for patient assignment.","2026-10-08 10:45:06"
1018,1043,100,2026-10-30,13:30:00,pending,"Scheduled by administrator for patient assignment.","2026-10-08 10:45:06"
1019,1044,101,2026-10-30,14:00:00,pending,"Scheduled by administrator for patient assignment.","2026-10-08 10:45:06"
1020,1045,102,2026-10-30,14:30:00,pending,"Scheduled by administrator for patient assignment.","2026-10-08 10:45:06"
1021,1046,1,2026-10-30,15:00:00,pending,"Scheduled by administrator for patient assignment.","2026-10-08 10:45:06"
1022,1047,2,2026-10-30,15:30:00,pending,"Scheduled by administrator for patient assignment.","2026-10-08 10:45:06"
1023,1048,3,2026-10-30,16:00:00,pending,"Scheduled by administrator for patient assignment.","2026-10-08 10:45:06"
1024,1049,4,2026-10-30,16:30:00,pending,"Scheduled by administrator for patient assignment.","2026-10-08 10:45:06"
1025,1050,5,2026-10-30,17:00:00,pending,"Scheduled by administrator for patient assignment.","2026-10-08 10:45:06"
1026,1051,6,2026-10-30,17:30:00,pending,"Scheduled by administrator for patient assignment.","2026-10-08 10:45:06"
1027,1052,7,2026-10-30,18:00:00,pending,"Scheduled by administrator for patient assignment.","2026-10-08 10:45:06"
1028,1053,8,2026-10-30,18:30:00,pending,"Scheduled by administrator for patient assignment.","2026-10-08 10:45:06"
1029,1054,9,2026-10-30,19:00:00,pending,"Scheduled by administrator for patient assignment.","2026-10-08 10:45:06"
1030,1055,10,2026-10-30,19:30:00,pending,"Scheduled by administrator for patient assignment.","2026-10-08 10:45:06"
1031,1056,11,2026-10-30,20:00:00,completed,,"2026-10-08 10:45:06"
1032,1057,12,2026-10-30,20:30:00,pending,"Scheduled by administrator for patient assignment.","2026-10-08 10:45:06"
1033,1058,13,2026-10-30,21:00:00,pending,"Scheduled by administrator for patient assignment.","2026-10-08 10:45:06"
1034,1059,14,2026-10-30,21:30:00,pending,"Scheduled by administrator for patient assignment.","2026-10-08 10:45:06"
1035,1060,15,2026-10-30,22:00:00,pending,"Scheduled by administrator for patient assignment.","2026-10-08 10:45:06"
1036,1061,16,2026-10-30,22:30:00,pending,"Scheduled by administrator for patient assignment.","2026-10-08 10:45:06"
1037,1062,17,2026-10-30,23:00:00,pending,"Scheduled by administrator for patient assignment.","2026-10-08 10:45:06"
1038,1063,18,2026-10-30,23:30:00,pending,"Scheduled by administrator for patient assignment.","2026-10-08 10:45:06"
1039,1064,19,2026-10-31,00:00:00,pending,"Scheduled by administrator for patient assignment.","2026-10-08 10:45:06"
1040,1065,20,2026-10-31,00:30:00,pending,"Scheduled by administrator for patient assignment.","2026-10-08 10:45:06"
1041,1066,21,2026-10-31,01:00:00,pending,"Scheduled by administrator for patient assignment.","2026-10-08 10:45:06"
1042,1067,22,2026-10-31,01:30:00,pending,"Scheduled by administrator for patient assignment.","2026-10-08 10:45:06"
1043,1068,23,2026-10-31,02:00:00,pending,"Scheduled by administrator for patient assignment.","2026-10-08 10:45:06"
1044,1069,24,2026-10-31,02:30:00,pending,"Scheduled by administrator for patient assignment.","2026-10-08 10:45:06"
1045,1070,25,2026-10-31,03:00:00,pending,"Scheduled by administrator for patient assignment.","2026-10-08 10:45:06"
1046,1071,26,2026-10-31,03:30:00,pending,"Scheduled by administrator for patient assignment.","2026-10-08 10:45:06"
1047,1072,27,2026-10-31,04:00:00,pending,"Scheduled by administrator for patient assignment.","2026-10-08 10:45:06"
1048,1073,28,2026-10-31,04:30:00,pending,"Scheduled by administrator for patient assignment.","2026-10-08 10:45:06"
1049,1074,29,2026-10-31,05:00:00,pending,"Scheduled by administrator for patient assignment.","2026-10-08 10:45:06"
1050,1075,30,2026-10-31,05:30:00,pending,"Scheduled by administrator for patient assignment.","2026-10-08 10:45:06"
1051,1076,31,2026-10-31,06:00:00,pending,"Scheduled by administrator for patient assignment.","2026-10-08 10:45:06"
1052,1077,32,2026-10-31,06:30:00,pending,"Scheduled by administrator for patient assignment.","2026-10-08 10:45:06"
1053,1078,33,2026-10-31,07:00:00,pending,"Scheduled by administrator for patient assignment.","2026-10-08 10:45:06"
1054,1079,34,2026-10-31,07:30:00,pending,"Scheduled by administrator for patient assignment.","2026-10-08 10:45:06"
1055,1080,35,2026-10-31,08:00:00,pending,"Scheduled by administrator for patient assignment.","2026-10-08 10:45:06"
1056,1081,36,2026-10-31,08:30:00,pending,"Scheduled by administrator for patient assignment.","2026-10-08 10:45:06"
1057,1082,37,2026-10-31,09:00:00,pending,"Scheduled by administrator for patient assignment.","2026-10-08 10:45:06"
1058,1083,38,2026-10-31,09:30:00,pending,"Scheduled by administrator for patient assignment.","2026-10-08 10:45:06"
1059,1084,39,2026-10-31,10:00:00,pending,"Scheduled by administrator for patient assignment.","2026-10-08 10:45:06"
1060,1085,40,2026-10-31,10:30:00,pending,"Scheduled by administrator for patient assignment.","2026-10-08 10:45:06"
1061,1086,41,2026-10-31,11:00:00,pending,"Scheduled by administrator for patient assignment.","2026-10-08 10:45:06"
1062,1087,42,2026-10-31,11:30:00,pending,"Scheduled by administrator for patient assignment.","2026-10-08 10:45:06"
1063,1088,43,2026-10-31,12:00:00,pending,"Scheduled by administrator for patient assignment.","2026-10-08 10:45:06"
1064,1089,44,2026-10-31,12:30:00,pending,"Scheduled by administrator for patient assignment.","2026-10-08 10:45:06"
1065,1090,45,2026-10-31,13:00:00,pending,"Scheduled by administrator for patient assignment.","2026-10-08 10:45:06"
1066,1091,46,2026-10-31,13:30:00,pending,"Scheduled by administrator for patient assignment.","2026-10-08 10:45:06"
1067,1092,47,2026-10-31,14:00:00,pending,"Scheduled by administrator for patient assignment.","2026-10-08 10:45:06"
1068,1093,48,2026-10-31,14:30:00,pending,"Scheduled by administrator for patient assignment.","2026-10-08 10:45:06"
1069,1094,49,2026-10-31,15:00:00,pending,"Scheduled by administrator for patient assignment.","2026-10-08 10:45:06"
1070,1095,50,2026-10-31,15:30:00,pending,"Scheduled by administrator for patient assignment.","2026-10-08 10:45:06"
1071,1096,51,2026-10-31,16:00:00,pending,"Scheduled by administrator for patient assignment.","2026-10-08 10:45:06"
1072,1097,52,2026-10-31,16:30:00,pending,"Scheduled by administrator for patient assignment.","2026-10-08 10:45:06"
1073,1098,53,2026-10-31,17:00:00,pending,"Scheduled by administrator for patient assignment.","2026-10-08 10:45:06"
1074,1099,54,2026-10-31,17:30:00,pending,"Scheduled by administrator for patient assignment.","2026-10-08 10:45:06"
1075,1100,55,2026-10-31,18:00:00,pending,"Scheduled by administrator for patient assignment.","2026-10-08 10:45:06"
1076,1101,56,2026-10-31,18:30:00,pending,"Scheduled by administrator for patient assignment.","2026-10-08 10:45:06"
1077,1102,57,2026-10-31,19:00:00,pending,"Scheduled by administrator for patient assignment.","2026-10-08 10:45:06"
1078,1103,58,2026-10-31,19:30:00,pending,"Scheduled by administrator for patient assignment.","2026-10-08 10:45:06"
1079,1104,59,2026-10-31,20:00:00,pending,"Scheduled by administrator for patient assignment.","2026-10-08 10:45:06"
1080,1105,60,2026-10-31,20:30:00,pending,"Scheduled by administrator for patient assignment.","2026-10-08 10:45:06"
1081,1106,61,2026-10-31,21:00:00,pending,"Scheduled by administrator for patient assignment.","2026-10-08 10:45:06"
1082,1107,62,2026-10-31,21:30:00,pending,"Scheduled by administrator for patient assignment.","2026-10-08 10:45:06"
1083,1108,63,2026-10-31,22:00:00,pending,"Scheduled by administrator for patient assignment.","2026-10-08 10:45:06"
1084,1109,64,2026-10-31,22:30:00,pending,"Scheduled by administrator for patient assignment.","2026-10-08 10:45:06"
1085,1110,65,2026-10-31,23:00:00,pending,"Scheduled by administrator for patient assignment.","2026-10-08 10:45:06"
1086,1111,66,2026-10-31,23:30:00,pending,"Scheduled by administrator for patient assignment.","2026-10-08 10:45:06"
1087,1112,67,2026-11-01,00:00:00,pending,"Scheduled by administrator for patient assignment.","2026-10-08 10:45:06"
1088,1113,68,2026-11-01,00:30:00,pending,"Scheduled by administrator for patient assignment.","2026-10-08 10:45:06"
1089,1114,69,2026-11-01,01:00:00,pending,"Scheduled by administrator for patient assignment.","2026-10-08 10:45:06"
1090,1115,70,2026-11-01,01:30:00,pending,"Scheduled by administrator for patient assignment.","2026-10-08 10:45:06"
1091,1116,71,2026-11-01,02:00:00,pending,"Scheduled by administrator for patient assignment.","2026-10-08 10:45:06"
1092,1117,72,2026-11-01,02:30:00,pending,"Scheduled by administrator for patient assignment.","2026-10-08 10:45:06"
1093,1118,73,2026-11-01,03:00:00,pending,"Scheduled by administrator for patient assignment.","2026-10-08 10:45:06"
1094,1119,74,2026-11-01,03:30:00,pending,"Scheduled by administrator for patient assignment.","2026-10-08 10:45:06"
1095,1120,75,2026-11-01,04:00:00,pending,"Scheduled by administrator for patient assignment.","2026-10-08 10:45:06"
1096,1121,76,2026-11-01,04:30:00,pending,"Scheduled by administrator for patient assignment.","2026-10-08 10:45:06"
1097,1122,77,2026-11-01,05:00:00,pending,"Scheduled by administrator for patient assignment.","2026-10-08 10:45:06"
1098,1123,78,2026-11-01,05:30:00,pending,"Scheduled by administrator for patient assignment.","2026-10-08 10:45:06"
1099,1124,79,2026-11-01,06:00:00,pending,"Scheduled by administrator for patient assignment.","2026-10-08 10:45:06"
1100,1125,80,2026-11-01,06:30:00,pending,"Scheduled by administrator for patient assignment.","2026-10-08 10:45:06"
1101,1126,81,2026-11-01,07:00:00,pending,"Scheduled by administrator for patient assignment.","2026-10-08 10:45:06"
1102,1127,82,2026-11-01,07:30:00,pending,"Scheduled by administrator for patient assignment.","2026-10-08 10:45:06"
1103,1128,83,2026-11-01,08:00:00,pending,"Scheduled by administrator for patient assignment.","2026-10-08 10:45:06"
1104,1129,84,2026-11-01,08:30:00,pending,"Scheduled by administrator for patient assignment.","2026-10-08 10:45:06"
